player_id,display_name,wikidata_id,issue_type,issue_detail,suggested_fix
p_alg_achraf_abada_19289ff4,Achraf Abada,Q136462891,no_wikidata_p18_image,Wikidata item has no P18 image and no existing image title/url was present.,"Leave image fields blank, add a licensed image manually, or check Commons/Wikipedia manually."
p_alg_adil_boulbina_d1bb01d8,Adil Boulbina,Q112654481,no_wikidata_p18_image,Wikidata item has no P18 image and no existing image title/url was present.,"Leave image fields blank, add a licensed image manually, or check Commons/Wikipedia manually."
p_alg_fares_ghedjemis_fe617a47,Fares Ghedjemis,Q124151324,no_wikidata_p18_image,Wikidata item has no P18 image and no existing image title/url was present.,"Leave image fields blank, add a licensed image manually, or check Commons/Wikipedia manually."
p_alg_ibrahim_maza_9745cb11,Ibrahim Maza,Q118118504,no_wikidata_p18_image,Wikidata item has no P18 image and no existing image title/url was present.,"Leave image fields blank, add a licensed image manually, or check Commons/Wikipedia manually."
p_alg_melvin_masstil_9362665c,Melvin Masstil,Q105846503,no_wikidata_p18_image,Wikidata item has no P18 image and no existing image title/url was present.,"Leave image fields blank, add a licensed image manually, or check Commons/Wikipedia manually."
p_alg_oussama_benbot_899e999e,Oussama Benbot,Q84601192,no_wikidata_p18_image,Wikidata item has no P18 image and no existing image title/url was present.,"Leave image fields blank, add a licensed image manually, or check Commons/Wikipedia manually."
p_alg_rafik_belghali_e4487e93,Rafik Belghali,Q106030853,no_wikidata_p18_image,Wikidata item has no P18 image and no existing image title/url was present.,"Leave image fields blank, add a licensed image manually, or check Commons/Wikipedia manually."
p_alg_samir_chergui_ab6dd360,Samir Chergui,Q104745615,no_wikidata_p18_image,Wikidata item has no P18 image and no existing image title/url was present.,"Leave image fields blank, add a licensed image manually, or check Commons/Wikipedia manually."
p_alg_yassine_titraoui_dce1a510,Yassine Titraoui,Q109986890,no_wikidata_p18_image,Wikidata item has no P18 image and no existing image title/url was present.,"Leave image fields blank, add a licensed image manually, or check Commons/Wikipedia manually."
p_aus_alessandro_circati_764625f7,Alessandro Circati,Q111020508,no_wikidata_p18_image,Wikidata item has no P18 image and no existing image title/url was present.,"Leave image fields blank, add a licensed image manually, or check Commons/Wikipedia manually."
p_aus_jacob_italiano_9d055542,Jacob Italiano,Q43303848,no_wikidata_p18_image,Wikidata item has no P18 image and no existing image title/url was present.,"Leave image fields blank, add a licensed image manually, or check Commons/Wikipedia manually."
p_aus_paul_okon_jr_7510a440,Paul Okon Jr,Q117000107,no_wikidata_p18_image,Wikidata item has no P18 image and no existing image title/url was present.,"Leave image fields blank, add a licensed image manually, or check Commons/Wikipedia manually."
p_aut_carney_chukwuemeka_32cb323a,Carney Chukwuemeka,Q106915801,no_wikidata_p18_image,Wikidata item has no P18 image and no existing image title/url was present.,"Leave image fields blank, add a licensed image manually, or check Commons/Wikipedia manually."
p_aut_florian_wiegele_29234ed6,Florian Wiegele,Q123335801,no_wikidata_p18_image,Wikidata item has no P18 image and no existing image title/url was present.,"Leave image fields blank, add a licensed image manually, or check Commons/Wikipedia manually."
p_aut_michael_svoboda_55a6a7fb,Michael Svoboda,Q55813157,no_wikidata_p18_image,Wikidata item has no P18 image and no existing image title/url was present.,"Leave image fields blank, add a licensed image manually, or check Commons/Wikipedia manually."
p_bel_mike_penders_44bb081c,Mike Penders,Q113515002,no_wikidata_p18_image,Wikidata item has no P18 image and no existing image title/url was present.,"Leave image fields blank, add a licensed image manually, or check Commons/Wikipedia manually."
p_bel_nathan_ngoy_02cef402,Nathan Ngoy,Q107094087,no_wikidata_p18_image,Wikidata item has no P18 image and no existing image title/url was present.,"Leave image fields blank, add a licensed image manually, or check Commons/Wikipedia manually."
p_bih_amar_memic_1ca20cc8,Amar Memic,Q124051749,no_wikidata_p18_image,Wikidata item has no P18 image and no existing image title/url was present.,"Leave image fields blank, add a licensed image manually, or check Commons/Wikipedia manually."
p_bih_ermedin_demirovic_0fb96d18,Ermedin Demirovic,Q47067481,no_wikidata_p18_image,Wikidata item has no P18 image and no existing image title/url was present.,"Leave image fields blank, add a licensed image manually, or check Commons/Wikipedia manually."
p_bih_ermin_mahmic_f48e604f,Ermin Mahmic,Q123139564,no_wikidata_p18_image,Wikidata item has no P18 image and no existing image title/url was present.,"Leave image fields blank, add a licensed image manually, or check Commons/Wikipedia manually."
p_bih_esmir_bajraktarevic_94f4ae47,Esmir Bajraktarevic,Q108518721,no_wikidata_p18_image,Wikidata item has no P18 image and no existing image title/url was present.,"Leave image fields blank, add a licensed image manually, or check Commons/Wikipedia manually."
p_bih_martin_zlomislic_93d55036,Martin Zlomislic,Q83795769,no_wikidata_p18_image,Wikidata item has no P18 image and no existing image title/url was present.,"Leave image fields blank, add a licensed image manually, or check Commons/Wikipedia manually."
p_bih_nihad_mujakic_1dba0c25,Nihad Mujakic,Q50623645,no_wikidata_p18_image,Wikidata item has no P18 image and no existing image title/url was present.,"Leave image fields blank, add a licensed image manually, or check Commons/Wikipedia manually."
p_bih_samed_bazdar_08b5f2c0,Samed Bazdar,Q107284545,no_wikidata_p18_image,Wikidata item has no P18 image and no existing image title/url was present.,"Leave image fields blank, add a licensed image manually, or check Commons/Wikipedia manually."
p_bih_stjepan_radeljic_882cc157,Stjepan Radeljic,Q56227031,no_wikidata_p18_image,Wikidata item has no P18 image and no existing image title/url was present.,"Leave image fields blank, add a licensed image manually, or check Commons/Wikipedia manually."
p_bih_tarik_muharemovic_f0fc52ce,Tarik Muharemovic,Q106620882,incomplete_commons_image_metadata,Commons metadata missing: image_license,Open the Commons file page and verify/fill missing attribution or license details manually.
p_bra_bremer_d70621c1,Bremer,Q38693097,no_wikidata_p18_image,Wikidata item has no P18 image and no existing image title/url was present.,"Leave image fields blank, add a licensed image manually, or check Commons/Wikipedia manually."
p_bra_leo_pereira_341afa28,Léo Pereira,Q18199184,no_wikidata_p18_image,Wikidata item has no P18 image and no existing image title/url was present.,"Leave image fields blank, add a licensed image manually, or check Commons/Wikipedia manually."
p_bra_wesley_4e5617fa,Wesley,Q110882542,no_wikidata_p18_image,Wikidata item has no P18 image and no existing image title/url was present.,"Leave image fields blank, add a licensed image manually, or check Commons/Wikipedia manually."
p_can_ali_ahmed_23b0243f,Ali Ahmed,Q111741178,no_wikidata_p18_image,Wikidata item has no P18 image and no existing image title/url was present.,"Leave image fields blank, add a licensed image manually, or check Commons/Wikipedia manually."
p_can_luc_de_fougerolles_1b8770b0,Luc De Fougerolles,Q121829403,no_wikidata_p18_image,Wikidata item has no P18 image and no existing image title/url was present.,"Leave image fields blank, add a licensed image manually, or check Commons/Wikipedia manually."
p_can_mathieu_choiniere_4da94c88,Mathieu Choinière,Q55760452,no_wikidata_p18_image,Wikidata item has no P18 image and no existing image title/url was present.,"Leave image fields blank, add a licensed image manually, or check Commons/Wikipedia manually."
p_can_niko_sigur_05f36400,Niko Sigur,Q117830854,no_wikidata_p18_image,Wikidata item has no P18 image and no existing image title/url was present.,"Leave image fields blank, add a licensed image manually, or check Commons/Wikipedia manually."
p_civ_ange_yoan_bonny_21e399a6,Ange-Yoan Bonny,Q101067809,no_wikidata_p18_image,Wikidata item has no P18 image and no existing image title/url was present.,"Leave image fields blank, add a licensed image manually, or check Commons/Wikipedia manually."
p_civ_bazoumana_toure_39bde082,Bazoumana Touré,Q125805788,no_wikidata_p18_image,Wikidata item has no P18 image and no existing image title/url was present.,"Leave image fields blank, add a licensed image manually, or check Commons/Wikipedia manually."
p_civ_christ_inao_oulai_68e57131,Christ Inao Oulaï,Q136038808,no_wikidata_p18_image,Wikidata item has no P18 image and no existing image title/url was present.,"Leave image fields blank, add a licensed image manually, or check Commons/Wikipedia manually."
p_civ_mohamed_kone_7bb65963,Mohamed Koné,Q126365092,no_wikidata_p18_image,Wikidata item has no P18 image and no existing image title/url was present.,"Leave image fields blank, add a licensed image manually, or check Commons/Wikipedia manually."
p_civ_yan_diomande_de52cf92,Yan Diomande,Q133698867,no_wikidata_p18_image,Wikidata item has no P18 image and no existing image title/url was present.,"Leave image fields blank, add a licensed image manually, or check Commons/Wikipedia manually."
p_cod_brian_cipenga_465e42ce,Brian Cipenga,Q127271091,no_wikidata_p18_image,Wikidata item has no P18 image and no existing image title/url was present.,"Leave image fields blank, add a licensed image manually, or check Commons/Wikipedia manually."
p_cod_fiston_mayele_d1c0c8ef,Fiston Mayele,Q117287348,no_wikidata_p18_image,Wikidata item has no P18 image and no existing image title/url was present.,"Leave image fields blank, add a licensed image manually, or check Commons/Wikipedia manually."
p_cod_joris_kayembe_5001c3d2,Joris Kayembe,Q16979997,no_wikidata_p18_image,Wikidata item has no P18 image and no existing image title/url was present.,"Leave image fields blank, add a licensed image manually, or check Commons/Wikipedia manually."
p_cod_matthieu_epolo_10653c65,Matthieu Epolo,Q113628776,no_wikidata_p18_image,Wikidata item has no P18 image and no existing image title/url was present.,"Leave image fields blank, add a licensed image manually, or check Commons/Wikipedia manually."
p_cod_nathanael_mbuku_b15f5169,Nathanaël Mbuku,Q66363768,no_wikidata_p18_image,Wikidata item has no P18 image and no existing image title/url was present.,"Leave image fields blank, add a licensed image manually, or check Commons/Wikipedia manually."
p_cod_ngal_ayel_mukau_f2c34320,Ngal'ayel Mukau,Q116151074,no_wikidata_p18_image,Wikidata item has no P18 image and no existing image title/url was present.,"Leave image fields blank, add a licensed image manually, or check Commons/Wikipedia manually."
p_cod_steve_kapuadi_720557c4,Steve Kapuadi,Q85291597,no_wikidata_p18_image,Wikidata item has no P18 image and no existing image title/url was present.,"Leave image fields blank, add a licensed image manually, or check Commons/Wikipedia manually."
p_cod_timothy_fayulu_37d7a6c0,Timothy Fayulu,Q65680079,no_wikidata_p18_image,Wikidata item has no P18 image and no existing image title/url was present.,"Leave image fields blank, add a licensed image manually, or check Commons/Wikipedia manually."
p_col_andres_gomez_37f19480,Andrés Gómez,Q116215934,no_wikidata_p18_image,Wikidata item has no P18 image and no existing image title/url was present.,"Leave image fields blank, add a licensed image manually, or check Commons/Wikipedia manually."
p_col_jaminton_campaz_988499fe,Jaminton Campaz,Q30050934,no_wikidata_p18_image,Wikidata item has no P18 image and no existing image title/url was present.,"Leave image fields blank, add a licensed image manually, or check Commons/Wikipedia manually."
p_col_juan_portilla_1de5885b,Juan Portilla,Q118593930,no_wikidata_p18_image,Wikidata item has no P18 image and no existing image title/url was present.,"Leave image fields blank, add a licensed image manually, or check Commons/Wikipedia manually."
p_cpv_dailon_livramento_bc239e04,Dailon Livramento,Q110943455,no_wikidata_p18_image,Wikidata item has no P18 image and no existing image title/url was present.,"Leave image fields blank, add a licensed image manually, or check Commons/Wikipedia manually."
p_cpv_diney_74fbc707,Diney,Q18637312,no_wikidata_p18_image,Wikidata item has no P18 image and no existing image title/url was present.,"Leave image fields blank, add a licensed image manually, or check Commons/Wikipedia manually."
p_cpv_helio_varela_e03882dc,Helio Varela,Q121907216,no_wikidata_p18_image,Wikidata item has no P18 image and no existing image title/url was present.,"Leave image fields blank, add a licensed image manually, or check Commons/Wikipedia manually."
p_cpv_joao_paulo_d979c18f,João Paulo,Q107334828,no_wikidata_p18_image,Wikidata item has no P18 image and no existing image title/url was present.,"Leave image fields blank, add a licensed image manually, or check Commons/Wikipedia manually."
p_cpv_kelvin_pires_4b4f3ad5,Kelvin Pires,Q107806484,no_wikidata_p18_image,Wikidata item has no P18 image and no existing image title/url was present.,"Leave image fields blank, add a licensed image manually, or check Commons/Wikipedia manually."
p_cpv_laros_duarte_a9fe3cb1,Laros Duarte,Q20676495,no_wikidata_p18_image,Wikidata item has no P18 image and no existing image title/url was present.,"Leave image fields blank, add a licensed image manually, or check Commons/Wikipedia manually."
p_cpv_sidny_lopes_cabral_454810de,Sidny Lopes Cabral,Q124382289,no_wikidata_p18_image,Wikidata item has no P18 image and no existing image title/url was present.,"Leave image fields blank, add a licensed image manually, or check Commons/Wikipedia manually."
p_cpv_telmo_arcanjo_68d204d8,Telmo Arcanjo,Q97580948,no_wikidata_p18_image,Wikidata item has no P18 image and no existing image title/url was present.,"Leave image fields blank, add a licensed image manually, or check Commons/Wikipedia manually."
p_cpv_vozinha_39ca1e1b,Vozinha,Q3018091,no_wikidata_p18_image,Wikidata item has no P18 image and no existing image title/url was present.,"Leave image fields blank, add a licensed image manually, or check Commons/Wikipedia manually."
p_cpv_wagner_pina_007184a6,Wagner Pina,Q126369438,no_wikidata_p18_image,Wikidata item has no P18 image and no existing image title/url was present.,"Leave image fields blank, add a licensed image manually, or check Commons/Wikipedia manually."
p_cpv_yannick_semedo_aec11bf9,Yannick Semedo,Q130465245,no_wikidata_p18_image,Wikidata item has no P18 image and no existing image title/url was present.,"Leave image fields blank, add a licensed image manually, or check Commons/Wikipedia manually."
p_cro_igor_matanovic_d90d27a8,Igor Matanovic,Q102399064,no_wikidata_p18_image,Wikidata item has no P18 image and no existing image title/url was present.,"Leave image fields blank, add a licensed image manually, or check Commons/Wikipedia manually."
p_cro_ivor_pandur_b0e1513d,Ivor Pandur,Q84462730,no_wikidata_p18_image,Wikidata item has no P18 image and no existing image title/url was present.,"Leave image fields blank, add a licensed image manually, or check Commons/Wikipedia manually."
p_cro_luka_vuskovic_79fcb50b,Luka Vuskovic,Q115162374,no_wikidata_p18_image,Wikidata item has no P18 image and no existing image title/url was present.,"Leave image fields blank, add a licensed image manually, or check Commons/Wikipedia manually."
p_cro_toni_fruk_1dcf2fa2,Toni Fruk,Q109587383,no_wikidata_p18_image,Wikidata item has no P18 image and no existing image title/url was present.,"Leave image fields blank, add a licensed image manually, or check Commons/Wikipedia manually."
p_cuw_ar_jany_martha_ee88960d,Ar'jany Martha,Q98781677,no_wikidata_p18_image,Wikidata item has no P18 image and no existing image title/url was present.,"Leave image fields blank, add a licensed image manually, or check Commons/Wikipedia manually."
p_cuw_deveron_fonville_09aec64e,Deveron Fonville,Q116215237,no_wikidata_p18_image,Wikidata item has no P18 image and no existing image title/url was present.,"Leave image fields blank, add a licensed image manually, or check Commons/Wikipedia manually."
p_cuw_jearl_margaritha_f0bb7092,Jearl Margaritha,Q104780374,no_wikidata_p18_image,Wikidata item has no P18 image and no existing image title/url was present.,"Leave image fields blank, add a licensed image manually, or check Commons/Wikipedia manually."
p_cuw_jeremy_antonisse_2a790f95,Jeremy Antonisse,Q104531012,no_wikidata_p18_image,Wikidata item has no P18 image and no existing image title/url was present.,"Leave image fields blank, add a licensed image manually, or check Commons/Wikipedia manually."
p_cuw_livano_comenencia_4bfc3e0e,Livano Comenencia,Q108800542,no_wikidata_p18_image,Wikidata item has no P18 image and no existing image title/url was present.,"Leave image fields blank, add a licensed image manually, or check Commons/Wikipedia manually."
p_cuw_shurandy_sambo_a97d2c74,Shurandy Sambo,Q62714742,no_wikidata_p18_image,Wikidata item has no P18 image and no existing image title/url was present.,"Leave image fields blank, add a licensed image manually, or check Commons/Wikipedia manually."
p_cuw_tyrick_bodak_d57fabe6,Tyrick Bodak,Q108858343,no_wikidata_p18_image,Wikidata item has no P18 image and no existing image title/url was present.,"Leave image fields blank, add a licensed image manually, or check Commons/Wikipedia manually."
p_cze_alexandr_sojka_e8155981,Alexandr Sojka,Q131432595,no_wikidata_p18_image,Wikidata item has no P18 image and no existing image title/url was present.,"Leave image fields blank, add a licensed image manually, or check Commons/Wikipedia manually."
p_cze_david_jurasek_bd68aa70,David Jurásek,Q96070453,no_wikidata_p18_image,Wikidata item has no P18 image and no existing image title/url was present.,"Leave image fields blank, add a licensed image manually, or check Commons/Wikipedia manually."
p_cze_denis_visinsky_43597932,Denis Višinský,Q106061470,no_wikidata_p18_image,Wikidata item has no P18 image and no existing image title/url was present.,"Leave image fields blank, add a licensed image manually, or check Commons/Wikipedia manually."
p_cze_hugo_sochurek_1d6d29ce,Hugo Sochůrek,Q138757935,no_wikidata_p18_image,Wikidata item has no P18 image and no existing image title/url was present.,"Leave image fields blank, add a licensed image manually, or check Commons/Wikipedia manually."
p_cze_jan_koutny_c8b1005a,Jan Koutny,Q130901915,no_wikidata_p18_image,Wikidata item has no P18 image and no existing image title/url was present.,"Leave image fields blank, add a licensed image manually, or check Commons/Wikipedia manually."
p_cze_lukas_hornicek_e3ff19bb,Lukas Hornicek,Q100271491,no_wikidata_p18_image,Wikidata item has no P18 image and no existing image title/url was present.,"Leave image fields blank, add a licensed image manually, or check Commons/Wikipedia manually."
p_cze_lukas_cerv_cf39dade,Lukás Cerv,Q97312966,no_wikidata_p18_image,Wikidata item has no P18 image and no existing image title/url was present.,"Leave image fields blank, add a licensed image manually, or check Commons/Wikipedia manually."
p_cze_lukas_provod_fb55d6e2,Lukás Provod,Q45288740,no_wikidata_p18_image,Wikidata item has no P18 image and no existing image title/url was present.,"Leave image fields blank, add a licensed image manually, or check Commons/Wikipedia manually."
p_cze_mojmir_chytil_85222716,Mojmír Chytil,Q104488728,no_wikidata_p18_image,Wikidata item has no P18 image and no existing image title/url was present.,"Leave image fields blank, add a licensed image manually, or check Commons/Wikipedia manually."
p_cze_robin_hranac_1cd4348c,Robin Hranáč,Q107647351,no_wikidata_p18_image,Wikidata item has no P18 image and no existing image title/url was present.,"Leave image fields blank, add a licensed image manually, or check Commons/Wikipedia manually."
p_cze_stepan_chaloupek_c0a3e524,Štěpán Chaloupek,Q114713721,no_wikidata_p18_image,Wikidata item has no P18 image and no existing image title/url was present.,"Leave image fields blank, add a licensed image manually, or check Commons/Wikipedia manually."
p_ecu_alan_franco_80965137,Alan Franco,Q56164119,no_wikidata_p18_image,Wikidata item has no P18 image and no existing image title/url was present.,"Leave image fields blank, add a licensed image manually, or check Commons/Wikipedia manually."
p_ecu_alan_minda_66e3710b,Alan Minda,Q116054089,no_wikidata_p18_image,Wikidata item has no P18 image and no existing image title/url was present.,"Leave image fields blank, add a licensed image manually, or check Commons/Wikipedia manually."
p_ecu_anthony_valencia_c0877fe2,Anthony Valencia,Q101247266,no_wikidata_p18_image,Wikidata item has no P18 image and no existing image title/url was present.,"Leave image fields blank, add a licensed image manually, or check Commons/Wikipedia manually."
p_ecu_denil_castillo_11773cc3,Denil Castillo,Q117835987,no_wikidata_p18_image,Wikidata item has no P18 image and no existing image title/url was present.,"Leave image fields blank, add a licensed image manually, or check Commons/Wikipedia manually."
p_ecu_gonzalo_plata_52795550,Gonzalo Plata,Q60842120,no_wikidata_p18_image,Wikidata item has no P18 image and no existing image title/url was present.,"Leave image fields blank, add a licensed image manually, or check Commons/Wikipedia manually."
p_ecu_gonzalo_valle_9b2837b7,Gonzalo Valle,Q87119732,no_wikidata_p18_image,Wikidata item has no P18 image and no existing image title/url was present.,"Leave image fields blank, add a licensed image manually, or check Commons/Wikipedia manually."
p_ecu_jeremy_arevalo_4611b2ea,Jeremy Arévalo,Q121410218,no_wikidata_p18_image,Wikidata item has no P18 image and no existing image title/url was present.,"Leave image fields blank, add a licensed image manually, or check Commons/Wikipedia manually."
p_ecu_joel_ordonez_6b4213b6,Joel Ordóñez,Q113390994,no_wikidata_p18_image,Wikidata item has no P18 image and no existing image title/url was present.,"Leave image fields blank, add a licensed image manually, or check Commons/Wikipedia manually."
p_ecu_kevin_rodriguez_cbff52ff,Kevin Rodríguez,Q115132592,no_wikidata_p18_image,Wikidata item has no P18 image and no existing image title/url was present.,"Leave image fields blank, add a licensed image manually, or check Commons/Wikipedia manually."
p_ecu_moises_ramirez_50b6ae46,Moisés Ramírez,Q60842106,no_wikidata_p18_image,Wikidata item has no P18 image and no existing image title/url was present.,"Leave image fields blank, add a licensed image manually, or check Commons/Wikipedia manually."
p_ecu_yaimar_medina_64320c80,Yaimar Medina,Q116235098,no_wikidata_p18_image,Wikidata item has no P18 image and no existing image title/url was present.,"Leave image fields blank, add a licensed image manually, or check Commons/Wikipedia manually."
p_egy_el_mahdy_soliman_378a11ec,El Mahdy Soliman,Q4702779,no_wikidata_p18_image,Wikidata item has no P18 image and no existing image title/url was present.,"Leave image fields blank, add a licensed image manually, or check Commons/Wikipedia manually."
p_egy_haissem_hassan_176106e8,Haissem Hassan,Q58303188,no_wikidata_p18_image,Wikidata item has no P18 image and no existing image title/url was present.,"Leave image fields blank, add a licensed image manually, or check Commons/Wikipedia manually."
p_egy_hamza_abdelkarim_21334e1d,Hamza Abdelkarim,Q134513932,no_wikidata_p18_image,Wikidata item has no P18 image and no existing image title/url was present.,"Leave image fields blank, add a licensed image manually, or check Commons/Wikipedia manually."
p_egy_mohamed_alaa_bb97a03c,Mohamed Alaa,Q140106503,no_wikidata_p18_image,Wikidata item has no P18 image and no existing image title/url was present.,"Leave image fields blank, add a licensed image manually, or check Commons/Wikipedia manually."
p_egy_mohanad_lasheen_643f7e97,Mohanad Lasheen,Q41023561,no_wikidata_p18_image,Wikidata item has no P18 image and no existing image title/url was present.,"Leave image fields blank, add a licensed image manually, or check Commons/Wikipedia manually."
p_egy_mostafa_shobeir_a364322d,Mostafa Shobeir,Q110263543,no_wikidata_p18_image,Wikidata item has no P18 image and no existing image title/url was present.,"Leave image fields blank, add a licensed image manually, or check Commons/Wikipedia manually."
p_egy_mostafa_ziko_c5b09adb,Mostafa Ziko,Q121537482,no_wikidata_p18_image,Wikidata item has no P18 image and no existing image title/url was present.,"Leave image fields blank, add a licensed image manually, or check Commons/Wikipedia manually."
p_egy_nabil_emad_89db2d51,Nabil Emad,Q41187975,no_wikidata_p18_image,Wikidata item has no P18 image and no existing image title/url was present.,"Leave image fields blank, add a licensed image manually, or check Commons/Wikipedia manually."
p_egy_tarek_alaa_045a4f0c,Tarek Alaa,Q139986016,no_wikidata_p18_image,Wikidata item has no P18 image and no existing image title/url was present.,"Leave image fields blank, add a licensed image manually, or check Commons/Wikipedia manually."
p_eng_djed_spence_fb1412e0,Djed Spence,Q56222532,no_wikidata_p18_image,Wikidata item has no P18 image and no existing image title/url was present.,"Leave image fields blank, add a licensed image manually, or check Commons/Wikipedia manually."
p_eng_kobbie_mainoo_b235baec,Kobbie Mainoo,Q114703020,no_wikidata_p18_image,Wikidata item has no P18 image and no existing image title/url was present.,"Leave image fields blank, add a licensed image manually, or check Commons/Wikipedia manually."
p_eng_tino_livramento_a978799e,Tino Livramento,Q107930811,no_wikidata_p18_image,Wikidata item has no P18 image and no existing image title/url was present.,"Leave image fields blank, add a licensed image manually, or check Commons/Wikipedia manually."
p_esp_joan_garcia_bfb47d9e,Joan García,Q110258306,no_wikidata_p18_image,Wikidata item has no P18 image and no existing image title/url was present.,"Leave image fields blank, add a licensed image manually, or check Commons/Wikipedia manually."
p_esp_victor_munoz_222d24b5,Víctor Muñoz Villanueva,Q121422889,no_wikidata_p18_image,Wikidata item has no P18 image and no existing image title/url was present.,"Leave image fields blank, add a licensed image manually, or check Commons/Wikipedia manually."
p_ger_lennart_karl_6dc71e09,Lennart Karl,Q130776450,no_wikidata_p18_image,Wikidata item has no P18 image and no existing image title/url was present.,"Leave image fields blank, add a licensed image manually, or check Commons/Wikipedia manually."
p_ger_nathaniel_brown_5c421f53,Nathaniel Brown,Q122351097,no_wikidata_p18_image,Wikidata item has no P18 image and no existing image title/url was present.,"Leave image fields blank, add a licensed image manually, or check Commons/Wikipedia manually."
p_gha_abdul_mumin_17e610bc,Abdul Mumin,Q27064119,no_wikidata_p18_image,Wikidata item has no P18 image and no existing image title/url was present.,"Leave image fields blank, add a licensed image manually, or check Commons/Wikipedia manually."
p_gha_alidu_seidu_bc358fed,Alidu Seidu,Q102426988,no_wikidata_p18_image,Wikidata item has no P18 image and no existing image title/url was present.,"Leave image fields blank, add a licensed image manually, or check Commons/Wikipedia manually."
p_gha_benjamin_asare_6451594e,Benjamin Asare,Q106212969,no_wikidata_p18_image,Wikidata item has no P18 image and no existing image title/url was present.,"Leave image fields blank, add a licensed image manually, or check Commons/Wikipedia manually."
p_gha_brandon_thomas_asante_a966ba92,Brandon Thomas-Asante,Q26251815,no_wikidata_p18_image,Wikidata item has no P18 image and no existing image title/url was present.,"Leave image fields blank, add a licensed image manually, or check Commons/Wikipedia manually."
p_gha_caleb_yirenkyi_6e914fa8,Caleb Yirenkyi,Q130337999,no_wikidata_p18_image,Wikidata item has no P18 image and no existing image title/url was present.,"Leave image fields blank, add a licensed image manually, or check Commons/Wikipedia manually."
p_gha_christopher_bonsu_baah_6f0ce58c,Christopher Bonsu Baah,Q117408985,no_wikidata_p18_image,Wikidata item has no P18 image and no existing image title/url was present.,"Leave image fields blank, add a licensed image manually, or check Commons/Wikipedia manually."
p_gha_jonas_adjetey_bec8dfa5,Jonas Adjetey,Q124045019,no_wikidata_p18_image,Wikidata item has no P18 image and no existing image title/url was present.,"Leave image fields blank, add a licensed image manually, or check Commons/Wikipedia manually."
p_gha_kojo_oppong_peprah_565abb15,Kojo Oppong Peprah,Q117848823,no_wikidata_p18_image,Wikidata item has no P18 image and no existing image title/url was present.,"Leave image fields blank, add a licensed image manually, or check Commons/Wikipedia manually."
p_gha_kwasi_sibo_5217bbfe,Kwasi Sibo,Q66370589,no_wikidata_p18_image,Wikidata item has no P18 image and no existing image title/url was present.,"Leave image fields blank, add a licensed image manually, or check Commons/Wikipedia manually."
p_gha_marvin_senaya_73ba140e,Marvin Senaya,Q108606228,no_wikidata_p18_image,Wikidata item has no P18 image and no existing image title/url was present.,"Leave image fields blank, add a licensed image manually, or check Commons/Wikipedia manually."
p_gha_prince_kwabena_adu_8305cf1e,Prince Kwabena Adu,Q97356007,no_wikidata_p18_image,Wikidata item has no P18 image and no existing image title/url was present.,"Leave image fields blank, add a licensed image manually, or check Commons/Wikipedia manually."
p_hai_alexandre_pierre_10ace7cc,Alexandre Pierre,Q112623666,no_wikidata_p18_image,Wikidata item has no P18 image and no existing image title/url was present.,"Leave image fields blank, add a licensed image manually, or check Commons/Wikipedia manually."
p_hai_carl_fred_sainte_85af76c4,Carl Fred Sainté,Q111345092,no_wikidata_p18_image,Wikidata item has no P18 image and no existing image title/url was present.,"Leave image fields blank, add a licensed image manually, or check Commons/Wikipedia manually."
p_hai_dominique_simon_5a5018b5,Dominique Simon,Q124392516,no_wikidata_p18_image,Wikidata item has no P18 image and no existing image title/url was present.,"Leave image fields blank, add a licensed image manually, or check Commons/Wikipedia manually."
p_hai_don_deedson_louicius_d86d7de3,Don Deedson Louicius,Q72697581,no_wikidata_p18_image,Wikidata item has no P18 image and no existing image title/url was present.,"Leave image fields blank, add a licensed image manually, or check Commons/Wikipedia manually."
p_hai_duke_lacroix_a6b39e89,Duke Lacroix,Q21621771,no_wikidata_p18_image,Wikidata item has no P18 image and no existing image title/url was present.,"Leave image fields blank, add a licensed image manually, or check Commons/Wikipedia manually."
p_hai_frantzdy_pierrot_7ab97ac9,Frantzdy Pierrot,Q55820193,no_wikidata_p18_image,Wikidata item has no P18 image and no existing image title/url was present.,"Leave image fields blank, add a licensed image manually, or check Commons/Wikipedia manually."
p_hai_josue_duverger_59879619,Josue Duverger,Q42926090,no_wikidata_p18_image,Wikidata item has no P18 image and no existing image title/url was present.,"Leave image fields blank, add a licensed image manually, or check Commons/Wikipedia manually."
p_hai_josue_casimir_4fc2ea5d,Josué Casimir,Q100792937,no_wikidata_p18_image,Wikidata item has no P18 image and no existing image title/url was present.,"Leave image fields blank, add a licensed image manually, or check Commons/Wikipedia manually."
p_hai_keeto_thermoncy_1ca5b6a8,Keeto Thermoncy,Q136466749,no_wikidata_p18_image,Wikidata item has no P18 image and no existing image title/url was present.,"Leave image fields blank, add a licensed image manually, or check Commons/Wikipedia manually."
p_hai_lenny_joseph_6ba48cca,Lenny Joseph,Q108000394,no_wikidata_p18_image,Wikidata item has no P18 image and no existing image title/url was present.,"Leave image fields blank, add a licensed image manually, or check Commons/Wikipedia manually."
p_hai_leverton_pierre_937726f8,Leverton Pierre,Q49004376,no_wikidata_p18_image,Wikidata item has no P18 image and no existing image title/url was present.,"Leave image fields blank, add a licensed image manually, or check Commons/Wikipedia manually."
p_hai_martin_experience_fa6fe29c,Martin Expérience,Q107426681,no_wikidata_p18_image,Wikidata item has no P18 image and no existing image title/url was present.,"Leave image fields blank, add a licensed image manually, or check Commons/Wikipedia manually."
p_hai_ricardo_ade_61845ffb,Ricardo Adé,Q28801770,no_wikidata_p18_image,Wikidata item has no P18 image and no existing image title/url was present.,"Leave image fields blank, add a licensed image manually, or check Commons/Wikipedia manually."
p_hai_ruben_providence_a6120264,Ruben Providence,Q114355328,no_wikidata_p18_image,Wikidata item has no P18 image and no existing image title/url was present.,"Leave image fields blank, add a licensed image manually, or check Commons/Wikipedia manually."
p_hai_wilguens_paugain_2d2cf476,Wilguens Paugain,Q128210274,no_wikidata_p18_image,Wikidata item has no P18 image and no existing image title/url was present.,"Leave image fields blank, add a licensed image manually, or check Commons/Wikipedia manually."
p_hai_woodensky_pierre_4d67f86b,Woodensky Pierre,Q139813358,no_wikidata_p18_image,Wikidata item has no P18 image and no existing image title/url was present.,"Leave image fields blank, add a licensed image manually, or check Commons/Wikipedia manually."
p_hai_yassin_fortune_833632c6,Yassin Fortuné,Q23772079,no_wikidata_p18_image,Wikidata item has no P18 image and no existing image title/url was present.,"Leave image fields blank, add a licensed image manually, or check Commons/Wikipedia manually."
p_irn_amirhossein_mahmoudi_9fc783e3,Amirhossein Mahmoudi,Q110679793,no_wikidata_p18_image,Wikidata item has no P18 image and no existing image title/url was present.,"Leave image fields blank, add a licensed image manually, or check Commons/Wikipedia manually."
p_irn_danial_eiri_b3eb89cf,Danial Eiri,Q137779066,no_wikidata_p18_image,Wikidata item has no P18 image and no existing image title/url was present.,"Leave image fields blank, add a licensed image manually, or check Commons/Wikipedia manually."
p_irq_ahmed_basil_cdcfe125,Ahmed Basil,Q116060296,no_wikidata_p18_image,Wikidata item has no P18 image and no existing image title/url was present.,"Leave image fields blank, add a licensed image manually, or check Commons/Wikipedia manually."
p_irq_akam_hashem_b16f6ebd,Akam Hashem,Q124350127,no_wikidata_p18_image,Wikidata item has no P18 image and no existing image title/url was present.,"Leave image fields blank, add a licensed image manually, or check Commons/Wikipedia manually."
p_irq_ali_jasim_ae580daa,Ali Jasim,Q123281002,no_wikidata_p18_image,Wikidata item has no P18 image and no existing image title/url was present.,"Leave image fields blank, add a licensed image manually, or check Commons/Wikipedia manually."
p_irq_ali_yousef_6a20f1d1,Ali Yousef,Q131704368,no_wikidata_p18_image,Wikidata item has no P18 image and no existing image title/url was present.,"Leave image fields blank, add a licensed image manually, or check Commons/Wikipedia manually."
p_irq_frans_putros_885f98d6,Frans Putros,Q12312192,no_wikidata_p18_image,Wikidata item has no P18 image and no existing image title/url was present.,"Leave image fields blank, add a licensed image manually, or check Commons/Wikipedia manually."
p_irq_ibrahim_bayesh_14f10c39,Ibrahim Bayesh,Q45936149,no_wikidata_p18_image,Wikidata item has no P18 image and no existing image title/url was present.,"Leave image fields blank, add a licensed image manually, or check Commons/Wikipedia manually."
p_irq_manaf_younis_460d1a76,Manaf Younis,Q110111698,no_wikidata_p18_image,Wikidata item has no P18 image and no existing image title/url was present.,"Leave image fields blank, add a licensed image manually, or check Commons/Wikipedia manually."
p_irq_marko_farji_55da3fb3,Marko Farji,Q126373302,no_wikidata_p18_image,Wikidata item has no P18 image and no existing image title/url was present.,"Leave image fields blank, add a licensed image manually, or check Commons/Wikipedia manually."
p_irq_mustafa_saadoon_99731d3e,Mustafa Saadoon,Q125735784,no_wikidata_p18_image,Wikidata item has no P18 image and no existing image title/url was present.,"Leave image fields blank, add a licensed image manually, or check Commons/Wikipedia manually."
p_irq_zaid_ismail_8b92e738,Zaid Ismail,Q138863253,no_wikidata_p18_image,Wikidata item has no P18 image and no existing image title/url was present.,"Leave image fields blank, add a licensed image manually, or check Commons/Wikipedia manually."
p_irq_zaid_tahseen_3653fad0,Zaid Tahseen,Q114355105,no_wikidata_p18_image,Wikidata item has no P18 image and no existing image title/url was present.,"Leave image fields blank, add a licensed image manually, or check Commons/Wikipedia manually."
p_jor_abdallah_al_fakhouri_696806b1,Abdallah Al-Fakhouri,Q60048828,no_wikidata_p18_image,Wikidata item has no P18 image and no existing image title/url was present.,"Leave image fields blank, add a licensed image manually, or check Commons/Wikipedia manually."
p_jor_ali_azaizeh_d554394b,Ali Azaizeh,Q131822292,no_wikidata_p18_image,Wikidata item has no P18 image and no existing image title/url was present.,"Leave image fields blank, add a licensed image manually, or check Commons/Wikipedia manually."
p_jor_amer_jamous_4ee15382,Amer Jamous,Q130495887,no_wikidata_p18_image,Wikidata item has no P18 image and no existing image title/url was present.,"Leave image fields blank, add a licensed image manually, or check Commons/Wikipedia manually."
p_jor_anas_badawi_a40ec56c,Anas Badawi,Q135971385,no_wikidata_p18_image,Wikidata item has no P18 image and no existing image title/url was present.,"Leave image fields blank, add a licensed image manually, or check Commons/Wikipedia manually."
p_jor_husam_abu_dahab_8f755201,Husam Abu Dahab,Q130244944,no_wikidata_p18_image,Wikidata item has no P18 image and no existing image title/url was present.,"Leave image fields blank, add a licensed image manually, or check Commons/Wikipedia manually."
p_jor_ibrahim_sabra_7b01ae00,Ibrahim Sabra,Q123203666,no_wikidata_p18_image,Wikidata item has no P18 image and no existing image title/url was present.,"Leave image fields blank, add a licensed image manually, or check Commons/Wikipedia manually."
p_jor_ibrahim_sadeh_98980a9c,Ibrahim Sadeh,Q106173160,no_wikidata_p18_image,Wikidata item has no P18 image and no existing image title/url was present.,"Leave image fields blank, add a licensed image manually, or check Commons/Wikipedia manually."
p_jor_mahmoud_al_mardi_0339d694,Mahmoud Al-Mardi,Q21621941,no_wikidata_p18_image,Wikidata item has no P18 image and no existing image title/url was present.,"Leave image fields blank, add a licensed image manually, or check Commons/Wikipedia manually."
p_jor_mohammad_abualnadi_553267b7,Mohammad Abualnadi,Q62364798,no_wikidata_p18_image,Wikidata item has no P18 image and no existing image title/url was present.,"Leave image fields blank, add a licensed image manually, or check Commons/Wikipedia manually."
p_jor_mohammed_al_dawoud_eaaa3401,Mohammed Al-Dawoud,Q16234825,no_wikidata_p18_image,Wikidata item has no P18 image and no existing image title/url was present.,"Leave image fields blank, add a licensed image manually, or check Commons/Wikipedia manually."
p_jor_mohannad_abu_taha_de1d1fe2,Mohannad Abu Taha,Q124397380,no_wikidata_p18_image,Wikidata item has no P18 image and no existing image title/url was present.,"Leave image fields blank, add a licensed image manually, or check Commons/Wikipedia manually."
p_jor_nour_bani_attiah_4ddf85a1,Nour Bani Attiah,Q33541239,no_wikidata_p18_image,Wikidata item has no P18 image and no existing image title/url was present.,"Leave image fields blank, add a licensed image manually, or check Commons/Wikipedia manually."
p_jor_saed_al_rosan_7aa756f3,Saed Al-Rosan,Q130210573,no_wikidata_p18_image,Wikidata item has no P18 image and no existing image title/url was present.,"Leave image fields blank, add a licensed image manually, or check Commons/Wikipedia manually."
p_jor_saleem_obaid_2fc34ef8,Saleem Obaid,Q33124960,no_wikidata_p18_image,Wikidata item has no P18 image and no existing image title/url was present.,"Leave image fields blank, add a licensed image manually, or check Commons/Wikipedia manually."
p_jpn_ayumu_seko_70bee5b0,Ayumu Seko,Q27990922,no_wikidata_p18_image,Wikidata item has no P18 image and no existing image title/url was present.,"Leave image fields blank, add a licensed image manually, or check Commons/Wikipedia manually."
p_jpn_junnosuke_suzuki_58362bee,Junnosuke Suzuki,Q109594121,no_wikidata_p18_image,Wikidata item has no P18 image and no existing image title/url was present.,"Leave image fields blank, add a licensed image manually, or check Commons/Wikipedia manually."
p_jpn_keisuke_goto_3f36ef1c,Keisuke Goto,Q114736627,no_wikidata_p18_image,Wikidata item has no P18 image and no existing image title/url was present.,"Leave image fields blank, add a licensed image manually, or check Commons/Wikipedia manually."
p_jpn_kento_shiogai_cbbc75e1,Kento Shiogai,Q127388493,no_wikidata_p18_image,Wikidata item has no P18 image and no existing image title/url was present.,"Leave image fields blank, add a licensed image manually, or check Commons/Wikipedia manually."
p_jpn_tomoki_hayakawa_77526c2f,Tomoki Hayakawa,Q105704210,no_wikidata_p18_image,Wikidata item has no P18 image and no existing image title/url was present.,"Leave image fields blank, add a licensed image manually, or check Commons/Wikipedia manually."
p_jpn_tsuyoshi_watanabe_898d98e8,Tsuyoshi Watanabe,Q56253139,no_wikidata_p18_image,Wikidata item has no P18 image and no existing image title/url was present.,"Leave image fields blank, add a licensed image manually, or check Commons/Wikipedia manually."
p_kor_jens_castrop_cabd9e74,Jens Castrop,Q98829565,no_wikidata_p18_image,Wikidata item has no P18 image and no existing image title/url was present.,"Leave image fields blank, add a licensed image manually, or check Commons/Wikipedia manually."
p_kor_kim_tae_hyun_ebe70829,Kim Tae-Hyun,Q61100326,no_wikidata_p18_image,Wikidata item has no P18 image and no existing image title/url was present.,"Leave image fields blank, add a licensed image manually, or check Commons/Wikipedia manually."
p_ksa_abdullah_al_hamdan_e6c2e57f,Abdullah Al Hamdan,Q47499719,no_wikidata_p18_image,Wikidata item has no P18 image and no existing image title/url was present.,"Leave image fields blank, add a licensed image manually, or check Commons/Wikipedia manually."
p_ksa_ahmed_al_kassar_8fc0426f,Ahmed Al Kassar,Q23712857,no_wikidata_p18_image,Wikidata item has no P18 image and no existing image title/url was present.,"Leave image fields blank, add a licensed image manually, or check Commons/Wikipedia manually."
p_ksa_alaa_al_hajji_7835ad30,Alaa Al Hajji,Q22812486,no_wikidata_p18_image,Wikidata item has no P18 image and no existing image title/url was present.,"Leave image fields blank, add a licensed image manually, or check Commons/Wikipedia manually."
p_ksa_hassan_kadesh_2de89b9c,Hassan Kadesh,Q23712679,no_wikidata_p18_image,Wikidata item has no P18 image and no existing image title/url was present.,"Leave image fields blank, add a licensed image manually, or check Commons/Wikipedia manually."
p_ksa_hassan_tambakti_75c262c0,Hassan Tambakti,Q45108287,no_wikidata_p18_image,Wikidata item has no P18 image and no existing image title/url was present.,"Leave image fields blank, add a licensed image manually, or check Commons/Wikipedia manually."
p_ksa_jehad_thikri_f840add2,Jehad Thakri,Q105658245,no_wikidata_p18_image,Wikidata item has no P18 image and no existing image title/url was present.,"Leave image fields blank, add a licensed image manually, or check Commons/Wikipedia manually."
p_ksa_khalid_al_ghannam_b44eecee,Khalid Al Ghannam,Q64147458,no_wikidata_p18_image,Wikidata item has no P18 image and no existing image title/url was present.,"Leave image fields blank, add a licensed image manually, or check Commons/Wikipedia manually."
p_ksa_mohammed_abu_al_shamat_9200f73e,Mohammed Abu Al Shamat,Q136399691,no_wikidata_p18_image,Wikidata item has no P18 image and no existing image title/url was present.,"Leave image fields blank, add a licensed image manually, or check Commons/Wikipedia manually."
p_ksa_moteb_al_harbi_e138f807,Moteb Al Harbi,Q97698786,no_wikidata_p18_image,Wikidata item has no P18 image and no existing image title/url was present.,"Leave image fields blank, add a licensed image manually, or check Commons/Wikipedia manually."
p_ksa_musab_al_juwayr_6725ea56,Musab Al Juwayr,Q105834415,no_wikidata_p18_image,Wikidata item has no P18 image and no existing image title/url was present.,"Leave image fields blank, add a licensed image manually, or check Commons/Wikipedia manually."
p_ksa_saleh_al_shehri_f0162952,Saleh Al Shehri,Q7403894,no_wikidata_p18_image,Wikidata item has no P18 image and no existing image title/url was present.,"Leave image fields blank, add a licensed image manually, or check Commons/Wikipedia manually."
p_mar_ayoube_amaimouni_78e0bc2e,Ayoube Amaimouni,Q137705019,no_wikidata_p18_image,Wikidata item has no P18 image and no existing image title/url was present.,"Leave image fields blank, add a licensed image manually, or check Commons/Wikipedia manually."
p_mex_gilberto_mora_4cec389a,Gilberto Mora,Q129652337,no_wikidata_p18_image,Wikidata item has no P18 image and no existing image title/url was present.,"Leave image fields blank, add a licensed image manually, or check Commons/Wikipedia manually."
p_mex_jorge_sanchez_f9fdad59,Jorge Sánchez,Q11073995,no_wikidata_p18_image,Wikidata item has no P18 image and no existing image title/url was present.,"Leave image fields blank, add a licensed image manually, or check Commons/Wikipedia manually."
p_mex_luis_romo_56c015b1,Luis Romo,Q56433831,no_wikidata_p18_image,Wikidata item has no P18 image and no existing image title/url was present.,"Leave image fields blank, add a licensed image manually, or check Commons/Wikipedia manually."
p_mex_obed_vargas_60228b0f,Obed Vargas,Q106778770,no_wikidata_p18_image,Wikidata item has no P18 image and no existing image title/url was present.,"Leave image fields blank, add a licensed image manually, or check Commons/Wikipedia manually."
p_ned_robin_roefs_c5811ebf,Robin Roefs,Q122789696,no_wikidata_p18_image,Wikidata item has no P18 image and no existing image title/url was present.,"Leave image fields blank, add a licensed image manually, or check Commons/Wikipedia manually."
p_nor_andreas_schjelderup_691edfe3,Andreas Schjelderup,Q106099213,no_wikidata_p18_image,Wikidata item has no P18 image and no existing image title/url was present.,"Leave image fields blank, add a licensed image manually, or check Commons/Wikipedia manually."
p_nor_kristian_thorstvedt_bb6b964a,Kristian Thorstvedt,Q61721648,no_wikidata_p18_image,Wikidata item has no P18 image and no existing image title/url was present.,"Leave image fields blank, add a licensed image manually, or check Commons/Wikipedia manually."
p_nor_sander_tangvik_493d3d56,Sander Tangvik,Q105754161,no_wikidata_p18_image,Wikidata item has no P18 image and no existing image title/url was present.,"Leave image fields blank, add a licensed image manually, or check Commons/Wikipedia manually."
p_nor_thelo_aasgaard_c53f9e81,Thelo Aasgaard,Q100711783,no_wikidata_p18_image,Wikidata item has no P18 image and no existing image title/url was present.,"Leave image fields blank, add a licensed image manually, or check Commons/Wikipedia manually."
p_nzl_matt_garbett_5008fa08,Matthew Garbett,Q96091702,no_wikidata_p18_image,Wikidata item has no P18 image and no existing image title/url was present.,"Leave image fields blank, add a licensed image manually, or check Commons/Wikipedia manually."
p_nzl_nando_pijnaker_e39631da,Nando Pijnaker,Q64031855,no_wikidata_p18_image,Wikidata item has no P18 image and no existing image title/url was present.,"Leave image fields blank, add a licensed image manually, or check Commons/Wikipedia manually."
p_pan_azarias_londono_1bebc3ea,Azarias Londoño,Q117304605,no_wikidata_p18_image,Wikidata item has no P18 image and no existing image title/url was present.,"Leave image fields blank, add a licensed image manually, or check Commons/Wikipedia manually."
p_pan_carlos_harvey_6940f7e7,Carlos Harvey,Q61990402,no_wikidata_p18_image,Wikidata item has no P18 image and no existing image title/url was present.,"Leave image fields blank, add a licensed image manually, or check Commons/Wikipedia manually."
p_pan_cesar_samudio_51e540e4,César Samudio,Q114216100,no_wikidata_p18_image,Wikidata item has no P18 image and no existing image title/url was present.,"Leave image fields blank, add a licensed image manually, or check Commons/Wikipedia manually."
p_pan_cesar_yanis_68035ab8,César Yanis,Q100271502,no_wikidata_p18_image,Wikidata item has no P18 image and no existing image title/url was present.,"Leave image fields blank, add a licensed image manually, or check Commons/Wikipedia manually."
p_pan_ismael_diaz_8352c19e,Ismael Díaz,Q18921648,no_wikidata_p18_image,Wikidata item has no P18 image and no existing image title/url was present.,"Leave image fields blank, add a licensed image manually, or check Commons/Wikipedia manually."
p_pan_jiovany_ramos_03a449db,Jiovany Ramos,Q62006245,no_wikidata_p18_image,Wikidata item has no P18 image and no existing image title/url was present.,"Leave image fields blank, add a licensed image manually, or check Commons/Wikipedia manually."
p_pan_jorge_gutierrez_49c35438,Jorge Gutiérrez,Q117818408,no_wikidata_p18_image,Wikidata item has no P18 image and no existing image title/url was present.,"Leave image fields blank, add a licensed image manually, or check Commons/Wikipedia manually."
p_pan_jose_fajardo_25277826,José Fajardo,Q48877857,no_wikidata_p18_image,Wikidata item has no P18 image and no existing image title/url was present.,"Leave image fields blank, add a licensed image manually, or check Commons/Wikipedia manually."
p_pan_tomas_rodriguez_b4db0276,Tomás Rodríguez,Q117842510,no_wikidata_p18_image,Wikidata item has no P18 image and no existing image title/url was present.,"Leave image fields blank, add a licensed image manually, or check Commons/Wikipedia manually."
p_par_alex_arce_256e3298,Alex Arce,Q118935199,no_wikidata_p18_image,Wikidata item has no P18 image and no existing image title/url was present.,"Leave image fields blank, add a licensed image manually, or check Commons/Wikipedia manually."
p_par_alexandro_maidana_1c0fb791,Alexandro Maidana,Q136375048,no_wikidata_p18_image,Wikidata item has no P18 image and no existing image title/url was present.,"Leave image fields blank, add a licensed image manually, or check Commons/Wikipedia manually."
p_par_damian_bobadilla_d7883f3b,Damián Bobadilla,Q116223348,no_wikidata_p18_image,Wikidata item has no P18 image and no existing image title/url was present.,"Leave image fields blank, add a licensed image manually, or check Commons/Wikipedia manually."
p_par_gabriel_avalos_3d7a0590,Gabriel Ávalos,Q14592575,no_wikidata_p18_image,Wikidata item has no P18 image and no existing image title/url was present.,"Leave image fields blank, add a licensed image manually, or check Commons/Wikipedia manually."
p_par_gaston_olveira_b6ce3950,Gastón Olveira,Q18020415,no_wikidata_p18_image,Wikidata item has no P18 image and no existing image title/url was present.,"Leave image fields blank, add a licensed image manually, or check Commons/Wikipedia manually."
p_par_gustavo_caballero_c06c1dcd,Gustavo Caballero,Q127179158,no_wikidata_p18_image,Wikidata item has no P18 image and no existing image title/url was present.,"Leave image fields blank, add a licensed image manually, or check Commons/Wikipedia manually."
p_par_gustavo_velazquez_3d4e04a0,Gustavo Velázquez,Q20888302,no_wikidata_p18_image,Wikidata item has no P18 image and no existing image title/url was present.,"Leave image fields blank, add a licensed image manually, or check Commons/Wikipedia manually."
p_par_jose_canale_3cfd4298,Jose Canale,Q50105161,no_wikidata_p18_image,Wikidata item has no P18 image and no existing image title/url was present.,"Leave image fields blank, add a licensed image manually, or check Commons/Wikipedia manually."
p_par_juan_caceres_52182aba,Juan José Cáceres,Q101791178,no_wikidata_p18_image,Wikidata item has no P18 image and no existing image title/url was present.,"Leave image fields blank, add a licensed image manually, or check Commons/Wikipedia manually."
p_par_orlando_gill_7aa70d28,Orlando Gill,Q60842077,no_wikidata_p18_image,Wikidata item has no P18 image and no existing image title/url was present.,"Leave image fields blank, add a licensed image manually, or check Commons/Wikipedia manually."
p_qat_ahmed_al_ganehi_52152103,Ahmed Al-Ganehi,Q61983513,no_wikidata_p18_image,Wikidata item has no P18 image and no existing image title/url was present.,"Leave image fields blank, add a licensed image manually, or check Commons/Wikipedia manually."
p_qat_al_hashmi_al_hussain_18ea1300,Al-Hashmi Al-Hussain,Q133505943,no_wikidata_p18_image,Wikidata item has no P18 image and no existing image title/url was present.,"Leave image fields blank, add a licensed image manually, or check Commons/Wikipedia manually."
p_qat_ayoub_al_alawi_6dd2354d,Ayoub Al-Oui,Q139770039,no_wikidata_p18_image,Wikidata item has no P18 image and no existing image title/url was present.,"Leave image fields blank, add a licensed image manually, or check Commons/Wikipedia manually."
p_qat_issa_laye_12b58964,Issa Laye,Q137392794,no_wikidata_p18_image,Wikidata item has no P18 image and no existing image title/url was present.,"Leave image fields blank, add a licensed image manually, or check Commons/Wikipedia manually."
p_qat_mahmoud_abunada_b9d0a3c8,Mahmoud Abunada,Q61911369,no_wikidata_p18_image,Wikidata item has no P18 image and no existing image title/url was present.,"Leave image fields blank, add a licensed image manually, or check Commons/Wikipedia manually."
p_qat_mohammed_mannai_56f09e90,Mohamed Manai,Q137394484,no_wikidata_p18_image,Wikidata item has no P18 image and no existing image title/url was present.,"Leave image fields blank, add a licensed image manually, or check Commons/Wikipedia manually."
p_qat_salah_zakaria_06bc91ac,Salah Zakaria,Q95680243,no_wikidata_p18_image,Wikidata item has no P18 image and no existing image title/url was present.,"Leave image fields blank, add a licensed image manually, or check Commons/Wikipedia manually."
p_qat_tahsin_mohammed_41593ac8,Tahsin Mohammed,Q126258395,no_wikidata_p18_image,Wikidata item has no P18 image and no existing image title/url was present.,"Leave image fields blank, add a licensed image manually, or check Commons/Wikipedia manually."
p_rsa_bradley_cross_fefe3ca9,Bradley Cross,Q117790110,no_wikidata_p18_image,Wikidata item has no P18 image and no existing image title/url was present.,"Leave image fields blank, add a licensed image manually, or check Commons/Wikipedia manually."
p_rsa_evidence_makgopa_dcf422d1,Evidence Makgopa,Q100984327,no_wikidata_p18_image,Wikidata item has no P18 image and no existing image title/url was present.,"Leave image fields blank, add a licensed image manually, or check Commons/Wikipedia manually."
p_rsa_ime_okon_4e7e2ef7,Ime Okon,Q127514195,no_wikidata_p18_image,Wikidata item has no P18 image and no existing image title/url was present.,"Leave image fields blank, add a licensed image manually, or check Commons/Wikipedia manually."
p_rsa_iqraam_rayners_4b1217ec,Iqraam Rayners,Q100565190,no_wikidata_p18_image,Wikidata item has no P18 image and no existing image title/url was present.,"Leave image fields blank, add a licensed image manually, or check Commons/Wikipedia manually."
p_rsa_jayden_adams_661cd5d8,Jayden Adams,Q105520386,no_wikidata_p18_image,Wikidata item has no P18 image and no existing image title/url was present.,"Leave image fields blank, add a licensed image manually, or check Commons/Wikipedia manually."
p_rsa_kamgogelo_sebelebele_dafaac5f,Kamogelo Sebelebele,Q137441719,no_wikidata_p18_image,Wikidata item has no P18 image and no existing image title/url was present.,"Leave image fields blank, add a licensed image manually, or check Commons/Wikipedia manually."
p_rsa_khuliso_mudau_658805c6,Khuliso Mudau,Q58810793,no_wikidata_p18_image,Wikidata item has no P18 image and no existing image title/url was present.,"Leave image fields blank, add a licensed image manually, or check Commons/Wikipedia manually."
p_rsa_khulumani_ndamane_fbcaf768,Khulumani Ndamane,Q137299823,no_wikidata_p18_image,Wikidata item has no P18 image and no existing image title/url was present.,"Leave image fields blank, add a licensed image manually, or check Commons/Wikipedia manually."
p_rsa_mbekezeli_mbokazi_aab0b6aa,Mbekezeli Mbokazi,Q133464757,no_wikidata_p18_image,Wikidata item has no P18 image and no existing image title/url was present.,"Leave image fields blank, add a licensed image manually, or check Commons/Wikipedia manually."
p_rsa_nkosinathi_sibisi_c2a232db,Nkosinathi Sibisi,Q58580967,no_wikidata_p18_image,Wikidata item has no P18 image and no existing image title/url was present.,"Leave image fields blank, add a licensed image manually, or check Commons/Wikipedia manually."
p_rsa_oswin_appollis_c5b541fb,Oswin Appollis,Q64167435,no_wikidata_p18_image,Wikidata item has no P18 image and no existing image title/url was present.,"Leave image fields blank, add a licensed image manually, or check Commons/Wikipedia manually."
p_rsa_relebohile_mofokeng_c09aabfb,Relebohile Mofokeng,Q119413564,no_wikidata_p18_image,Wikidata item has no P18 image and no existing image title/url was present.,"Leave image fields blank, add a licensed image manually, or check Commons/Wikipedia manually."
p_rsa_ricardo_goss_02c98ce1,Ricardo Goss,Q58796031,no_wikidata_p18_image,Wikidata item has no P18 image and no existing image title/url was present.,"Leave image fields blank, add a licensed image manually, or check Commons/Wikipedia manually."
p_rsa_samukelo_kabini_a3476421,Samukele Kabini,Q133794425,no_wikidata_p18_image,Wikidata item has no P18 image and no existing image title/url was present.,"Leave image fields blank, add a licensed image manually, or check Commons/Wikipedia manually."
p_rsa_sipho_chaine_5123e728,Sipho Chaine,Q58796434,no_wikidata_p18_image,Wikidata item has no P18 image and no existing image title/url was present.,"Leave image fields blank, add a licensed image manually, or check Commons/Wikipedia manually."
p_rsa_teboho_mokoena_f2c012d8,Teboho Mokoena,Q58790870,no_wikidata_p18_image,Wikidata item has no P18 image and no existing image title/url was present.,"Leave image fields blank, add a licensed image manually, or check Commons/Wikipedia manually."
p_rsa_thabang_matuludi_b0738f64,Thabang Matuludi,Q127324870,no_wikidata_p18_image,Wikidata item has no P18 image and no existing image title/url was present.,"Leave image fields blank, add a licensed image manually, or check Commons/Wikipedia manually."
p_rsa_thalente_mbatha_a316dba5,Thalente Mbatha,Q130261099,no_wikidata_p18_image,Wikidata item has no P18 image and no existing image title/url was present.,"Leave image fields blank, add a licensed image manually, or check Commons/Wikipedia manually."
p_rsa_themba_zwane_7ea3fe91,Themba Zwane,Q7781199,no_wikidata_p18_image,Wikidata item has no P18 image and no existing image title/url was present.,"Leave image fields blank, add a licensed image manually, or check Commons/Wikipedia manually."
p_rsa_tshepang_moremi_49d28f3d,Tshepang Moremi,Q125166783,no_wikidata_p18_image,Wikidata item has no P18 image and no existing image title/url was present.,"Leave image fields blank, add a licensed image manually, or check Commons/Wikipedia manually."
p_rsa_yaya_sithole_720d4ea2,Yaya Sithole,Q104530871,no_wikidata_p18_image,Wikidata item has no P18 image and no existing image title/url was present.,"Leave image fields blank, add a licensed image manually, or check Commons/Wikipedia manually."
p_sco_lewis_ferguson_ea95fb10,Lewis Ferguson,Q47467341,no_wikidata_p18_image,Wikidata item has no P18 image and no existing image title/url was present.,"Leave image fields blank, add a licensed image manually, or check Commons/Wikipedia manually."
p_sco_lyndon_dykes_c6b1e63b,Lyndon Dykes,Q26405109,no_wikidata_p18_image,Wikidata item has no P18 image and no existing image title/url was present.,"Leave image fields blank, add a licensed image manually, or check Commons/Wikipedia manually."
p_sco_ross_stewart_10079e43,Ross Stewart,Q16237030,no_wikidata_p18_image,Wikidata item has no P18 image and no existing image title/url was present.,"Leave image fields blank, add a licensed image manually, or check Commons/Wikipedia manually."
p_sco_scott_mckenna_ab03a9df,Scott McKenna,Q24084667,no_wikidata_p18_image,Wikidata item has no P18 image and no existing image title/url was present.,"Leave image fields blank, add a licensed image manually, or check Commons/Wikipedia manually."
p_sen_assane_diao_0f0dfab0,Assane Diao,Q120509822,no_wikidata_p18_image,Wikidata item has no P18 image and no existing image title/url was present.,"Leave image fields blank, add a licensed image manually, or check Commons/Wikipedia manually."
p_sen_bara_sapoko_ndiaye_36e09ebd,Bara Sapoko Ndiaye,Q137733792,no_wikidata_p18_image,Wikidata item has no P18 image and no existing image title/url was present.,"Leave image fields blank, add a licensed image manually, or check Commons/Wikipedia manually."
p_sen_el_hadji_malick_diouf_2fb2dad9,El Hadji Malick Diouf,Q123479947,no_wikidata_p18_image,Wikidata item has no P18 image and no existing image title/url was present.,"Leave image fields blank, add a licensed image manually, or check Commons/Wikipedia manually."
p_sen_pathe_ciss_8a6cdcef,Pathé Ciss,Q67089591,no_wikidata_p18_image,Wikidata item has no P18 image and no existing image title/url was present.,"Leave image fields blank, add a licensed image manually, or check Commons/Wikipedia manually."
p_sui_aurele_amenda_eece3a6a,Aurèle Amenda,Q111805882,no_wikidata_p18_image,Wikidata item has no P18 image and no existing image title/url was present.,"Leave image fields blank, add a licensed image manually, or check Commons/Wikipedia manually."
p_sui_cedric_itten_c3e3378c,Cedric Itten,Q22965497,no_wikidata_p18_image,Wikidata item has no P18 image and no existing image title/url was present.,"Leave image fields blank, add a licensed image manually, or check Commons/Wikipedia manually."
p_sui_fabian_rieder_6de26ce4,Fabian Rieder,Q101033685,no_wikidata_p18_image,Wikidata item has no P18 image and no existing image title/url was present.,"Leave image fields blank, add a licensed image manually, or check Commons/Wikipedia manually."
p_sui_johan_manzambi_fdf8dac7,Johan Manzambi,Q125376751,no_wikidata_p18_image,Wikidata item has no P18 image and no existing image title/url was present.,"Leave image fields blank, add a licensed image manually, or check Commons/Wikipedia manually."
p_sui_luca_jaquez_07e711c4,Luca Jaquez,Q122160785,no_wikidata_p18_image,Wikidata item has no P18 image and no existing image title/url was present.,"Leave image fields blank, add a licensed image manually, or check Commons/Wikipedia manually."
p_sui_marvin_keller_b14825c0,Marvin Keller,Q108698128,no_wikidata_p18_image,Wikidata item has no P18 image and no existing image title/url was present.,"Leave image fields blank, add a licensed image manually, or check Commons/Wikipedia manually."
p_sui_michel_aebischer_eaf17002,Michel Aebischer,Q27469951,no_wikidata_p18_image,Wikidata item has no P18 image and no existing image title/url was present.,"Leave image fields blank, add a licensed image manually, or check Commons/Wikipedia manually."
p_sui_ruben_vargas_e9e82ac0,Rubén Vargas,Q38053896,no_wikidata_p18_image,Wikidata item has no P18 image and no existing image title/url was present.,"Leave image fields blank, add a licensed image manually, or check Commons/Wikipedia manually."
p_sui_zeki_amdouni_65de5a66,Zeki Amdouni,Q106882153,no_wikidata_p18_image,Wikidata item has no P18 image and no existing image title/url was present.,"Leave image fields blank, add a licensed image manually, or check Commons/Wikipedia manually."
p_swe_elliot_stroud_e7f82634,Elliot Stroud,Q117789805,no_wikidata_p18_image,Wikidata item has no P18 image and no existing image title/url was present.,"Leave image fields blank, add a licensed image manually, or check Commons/Wikipedia manually."
p_swe_taha_ali_e82566e9,Taha Ali,Q109906009,no_wikidata_p18_image,Wikidata item has no P18 image and no existing image title/url was present.,"Leave image fields blank, add a licensed image manually, or check Commons/Wikipedia manually."
p_tun_abdelmouhib_chamakh_e29f55d3,Abdelmouhib Chamakh,Q139815346,no_wikidata_p18_image,Wikidata item has no P18 image and no existing image title/url was present.,"Leave image fields blank, add a licensed image manually, or check Commons/Wikipedia manually."
p_tun_adem_arous_c6ec8c9f,Adem Arous,Q136092007,no_wikidata_p18_image,Wikidata item has no P18 image and no existing image title/url was present.,"Leave image fields blank, add a licensed image manually, or check Commons/Wikipedia manually."
p_tun_aymen_dahmen_b36b253a,Aymen Dahmen,Q64520753,no_wikidata_p18_image,Wikidata item has no P18 image and no existing image title/url was present.,"Leave image fields blank, add a licensed image manually, or check Commons/Wikipedia manually."
p_tun_firas_chaouat_fc84bec1,Firas Chaouat,Q58815643,no_wikidata_p18_image,Wikidata item has no P18 image and no existing image title/url was present.,"Leave image fields blank, add a licensed image manually, or check Commons/Wikipedia manually."
p_tun_hadj_mahmoud_bc994824,Hadj Mahmoud,Q108653548,no_wikidata_p18_image,Wikidata item has no P18 image and no existing image title/url was present.,"Leave image fields blank, add a licensed image manually, or check Commons/Wikipedia manually."
p_tun_khalil_ayari_f0637767,Khalil Ayari,Q134711363,no_wikidata_p18_image,Wikidata item has no P18 image and no existing image title/url was present.,"Leave image fields blank, add a licensed image manually, or check Commons/Wikipedia manually."
p_tun_moutaz_neffati_4bac9637,Moutaz Neffati,Q123436577,no_wikidata_p18_image,Wikidata item has no P18 image and no existing image title/url was present.,"Leave image fields blank, add a licensed image manually, or check Commons/Wikipedia manually."
p_tun_omar_rekik_ceaef541,Omar Rekik,Q96678415,no_wikidata_p18_image,Wikidata item has no P18 image and no existing image title/url was present.,"Leave image fields blank, add a licensed image manually, or check Commons/Wikipedia manually."
p_tun_raed_chikhaoui_bec8fb86,Raed Chikhaoui,Q139816192,no_wikidata_p18_image,Wikidata item has no P18 image and no existing image title/url was present.,"Leave image fields blank, add a licensed image manually, or check Commons/Wikipedia manually."
p_tun_sabri_ben_hessen_96ec4b2c,Sabri Ben Hessen,Q139815184,no_wikidata_p18_image,Wikidata item has no P18 image and no existing image title/url was present.,"Leave image fields blank, add a licensed image manually, or check Commons/Wikipedia manually."
p_tun_sebastian_tounekti_98b62da5,Sebastian Tounekti,Q96337717,no_wikidata_p18_image,Wikidata item has no P18 image and no existing image title/url was present.,"Leave image fields blank, add a licensed image manually, or check Commons/Wikipedia manually."
p_tur_can_uzun_0da356b2,Can Uzun,Q118799181,no_wikidata_p18_image,Wikidata item has no P18 image and no existing image title/url was present.,"Leave image fields blank, add a licensed image manually, or check Commons/Wikipedia manually."
p_tur_deniz_gul_fc9914ea,Deniz Gul,Q123174990,no_wikidata_p18_image,Wikidata item has no P18 image and no existing image title/url was present.,"Leave image fields blank, add a licensed image manually, or check Commons/Wikipedia manually."
p_tur_eren_elmali_0edf1a93,Eren Elmali,Q98262284,no_wikidata_p18_image,Wikidata item has no P18 image and no existing image title/url was present.,"Leave image fields blank, add a licensed image manually, or check Commons/Wikipedia manually."
p_tur_oguz_aydin_86168307,Oguz Aydin,Q109282705,no_wikidata_p18_image,Wikidata item has no P18 image and no existing image title/url was present.,"Leave image fields blank, add a licensed image manually, or check Commons/Wikipedia manually."
p_uru_juan_manuel_sanabria_208c9ccd,Juan Manuel Sanabria,Q60841788,no_wikidata_p18_image,Wikidata item has no P18 image and no existing image title/url was present.,"Leave image fields blank, add a licensed image manually, or check Commons/Wikipedia manually."
p_uru_maximiliano_araujo_ab0bce05,Maximiliano Araújo,Q58011167,no_wikidata_p18_image,Wikidata item has no P18 image and no existing image title/url was present.,"Leave image fields blank, add a licensed image manually, or check Commons/Wikipedia manually."
p_uru_rodrigo_aguirre_3ee44e98,Rodrigo Aguirre,Q2070073,no_wikidata_p18_image,Wikidata item has no P18 image and no existing image title/url was present.,"Leave image fields blank, add a licensed image manually, or check Commons/Wikipedia manually."
p_uru_rodrigo_zalazar_78725bf0,Rodrigo Zalazar,Q60842159,no_wikidata_p18_image,Wikidata item has no P18 image and no existing image title/url was present.,"Leave image fields blank, add a licensed image manually, or check Commons/Wikipedia manually."
p_uzb_abdulla_abdullaev_08bb762c,Abdulla Abdullaev,Q122152591,no_wikidata_p18_image,Wikidata item has no P18 image and no existing image title/url was present.,"Leave image fields blank, add a licensed image manually, or check Commons/Wikipedia manually."
p_uzb_botirali_ergashev_bb23b2eb,Botirali Ergashev,Q51670751,no_wikidata_p18_image,Wikidata item has no P18 image and no existing image title/url was present.,"Leave image fields blank, add a licensed image manually, or check Commons/Wikipedia manually."
