club_id,wikidata_id,club_name,club_name_ascii,country,league,city,stadium,club_lat,club_lon,club_source_url,geo_source,manual_review_flag,notes
c_ac_milan_118eeb6e,,AC Milan,AC Milan,,,,,,,,,FALSE,
c_ae_kifisias_b52d38fc,,AE Kifisias,AE Kifisias,,,,,,,,,FALSE,
c_aek_athens_72925ed6,,AEK Athens,AEK Athens,,,,,,,,,FALSE,
c_ael_431116e5,,AEL,AEL,,,,,,,,,FALSE,
c_ael_limassol_2cf0940b,,AEL Limassol,AEL Limassol,,,,,,,,,FALSE,
c_afc_bournemouth_61e18bcd,,AFC Bournemouth,AFC Bournemouth,,,,,,,,,FALSE,
c_agf_aarhus_255f8d4c,,AGF Aarhus,AGF Aarhus,,,,,,,,,FALSE,
c_agmk_a616cb6f,,AGMK,AGMK,,,,,,,,,FALSE,
c_aik_9fa4ead4,,AIK,AIK,,,,,,,,,FALSE,
c_aj_auxerre_5c7942ef,,AJ Auxerre,AJ Auxerre,,,,,,,,,FALSE,
c_as_far_8343a091,,AS Far,AS Far,,,,,,,,,FALSE,
c_as_monaco_6b2106c8,,AS Monaco,AS Monaco,,,,,,,,,FALSE,
c_as_roma_2ecbf69f,,AS Roma,AS Roma,,,,,,,,,FALSE,
c_az_alkmaar_6ec3c79a,,AZ Alkmaar,AZ Alkmaar,,,,,,,,,FALSE,
c_abha_a8d5b324,,Abha,Abha,,,,,,,,,FALSE,
c_accra_hearts_of_oak_sc_5dd04a93,,Accra Hearts of Oak SC,Accra Hearts of Oak SC,,,,,,,,,FALSE,
c_ajax_955fab76,,Ajax,Ajax,,,,,,,,,FALSE,
c_akron_tolyatti_7891723e,,Akron Tolyatti,Akron Tolyatti,,,,,,,,,FALSE,
c_al_ahli_c686fb82,,Al Ahli,Al Ahli,,,,,,,,,FALSE,
c_al_ahly_d8f224e8,,Al Ahly,Al Ahly,,,,,,,,,FALSE,
c_al_ain_c5137584,,Al Ain,Al Ain,,,,,,,,,FALSE,
c_al_arabi_aed4b46c,,Al Arabi,Al Arabi,,,,,,,,,FALSE,
c_al_bataeh_bbe9608c,,Al Bataeh,Al Bataeh,,,,,,,,,FALSE,
c_al_duhail_917aca16,,Al Duhail,Al Duhail,,,,,,,,,FALSE,
c_al_etiffaq_f2058dce,,Al Etiffaq,Al Etiffaq,,,,,,,,,FALSE,
c_al_ettifaq_807c8264,,Al Ettifaq,Al Ettifaq,,,,,,,,,FALSE,
c_al_fayha_22bab1f3,,Al Fayha,Al Fayha,,,,,,,,,FALSE,
c_al_gharafa_cf3f2df9,,Al Gharafa,Al Gharafa,,,,,,,,,FALSE,
c_al_hilal_67047244,,Al Hilal,Al Hilal,,,,,,,,,FALSE,
c_al_ittihad_715274c9,,Al Ittihad,Al Ittihad,,,,,,,,,FALSE,
c_al_jazira_3cf19a97,,Al Jazira,Al Jazira,,,,,,,,,FALSE,
c_al_najma_9b74810f,,Al Najma,Al Najma,,,,,,,,,FALSE,
c_al_nassr_4ed92392,,Al Nassr,Al Nassr,,,,,,,,,FALSE,
c_al_qadsiah_2c418904,,Al Qadsiah,Al Qadsiah,,,,,,,,,FALSE,
c_al_rayyan_e5871040,,Al Rayyan,Al Rayyan,,,,,,,,,FALSE,
c_al_sadd_a599a00e,,Al Sadd,Al Sadd,,,,,,,,,FALSE,
c_al_shamal_91835f7b,,Al Shamal,Al Shamal,,,,,,,,,FALSE,
c_al_ula_28613b64,,Al Ula,Al Ula,,,,,,,,,FALSE,
c_al_wakrah_abf60aa2,,Al Wakrah,Al Wakrah,,,,,,,,,FALSE,
c_al_ahli_2ee190b5,,Al-Ahli,Al-Ahli,,,,,,,,,FALSE,
c_al_faisaly_d08621cd,,Al-Faisaly,Al-Faisaly,,,,,,,,,FALSE,
c_al_hussein_1fe1435d,,Al-Hussein,Al-Hussein,,,,,,,,,FALSE,
c_al_karma_f9b63d11,,Al-Karma,Al-Karma,,,,,,,,,FALSE,
c_al_khor_f91729aa,,Al-Khor,Al-Khor,,,,,,,,,FALSE,
c_al_nasr_0bf2f525,,Al-Nasr,Al-Nasr,,,,,,,,,FALSE,
c_al_quwa_al_jawiya_d23a171e,,Al-Quwa Al-Jawiya,Al-Quwa Al-Jawiya,,,,,,,,,FALSE,
c_al_riyadh_679deb94,,Al-Riyadh,Al-Riyadh,,,,,,,,,FALSE,
c_al_sailiaya_6158b2fd,,Al-Sailiaya,Al-Sailiaya,,,,,,,,,FALSE,
c_al_shabab_e27f5149,,Al-Shabab,Al-Shabab,,,,,,,,,FALSE,
c_al_shorta_03f6bef7,,Al-Shorta,Al-Shorta,,,,,,,,,FALSE,
c_al_talaba_856167fb,,Al-Talaba,Al-Talaba,,,,,,,,,FALSE,
c_al_wahda_7ae987ab,,Al-Wahda,Al-Wahda,,,,,,,,,FALSE,
c_al_wehdat_2cc29034,,Al-Wehdat,Al-Wehdat,,,,,,,,,FALSE,
c_al_zawraa_7bba0fc0,,Al-Zawraa,Al-Zawraa,,,,,,,,,FALSE,
c_alanyaspor_661d3784,,Alanyaspor,Alanyaspor,,,,,,,,,FALSE,
c_albirex_niigata_cab00434,,Albirex Niigata,Albirex Niigata,,,,,,,,,FALSE,
c_almere_11b3096f,,Almere,Almere,,,,,,,,,FALSE,
c_america_0ffdae40,,América,America,,,,,,,,,FALSE,
c_anderlecht_b0025a96,,Anderlecht,Anderlecht,,,,,,,,,FALSE,
c_angers_df67ea45,,Angers,Angers,,,,,,,,,FALSE,
c_antwerp_7961b08d,,Antwerp,Antwerp,,,,,,,,,FALSE,
c_apoel_nicosia_af3c6796,,Apoel Nicosia,Apoel Nicosia,,,,,,,,,FALSE,
c_apollon_limassol_b6137677,,Apollon Limassol,Apollon Limassol,,,,,,,,,FALSE,
c_aris_limassol_d501bdb4,,Aris Limassol,Aris Limassol,,,,,,,,,FALSE,
c_arsenal_93d10937,,Arsenal,Arsenal,,,,,,,,,FALSE,
c_astana_f8b0106f,,Astana,Astana,,,,,,,,,FALSE,
c_aston_villa_2b918477,,Aston Villa,Aston Villa,,,,,,,,,FALSE,
c_atalanta_f8d83567,,Atalanta,Atalanta,,,,,,,,,FALSE,
c_athletic_club_24c5af40,,Athletic Club,Athletic Club,,,,,,,,,FALSE,
c_athletico_paranaense_2178bb1a,,Athletico Paranaense,Athletico Paranaense,,,,,,,,,FALSE,
c_atlanta_united_43563fa4,,Atlanta United,Atlanta United,,,,,,,,,FALSE,
c_atlas_292eeed6,,Atlas,Atlas,,,,,,,,,FALSE,
c_atletico_madrid_9b17a9e6,,Atletico Madrid,Atletico Madrid,,,,,,,,,FALSE,
c_atletico_mineiro_a8379d4f,,Atletico Mineiro,Atletico Mineiro,,,,,,,,,FALSE,
c_atletico_nacional_4666103f,,Atlético Nacional,Atletico Nacional,,,,,,,,,FALSE,
c_atromitos_ea5a8225,,Atromitos,Atromitos,,,,,,,,,FALSE,
c_auckland_fc_a034ca43,,Auckland FC,Auckland FC,,,,,,,,,FALSE,
c_augsburg_eecde4b3,,Augsburg,Augsburg,,,,,,,,,FALSE,
c_austria_vienna_84acf87e,,Austria Vienna,Austria Vienna,,,,,,,,,FALSE,
c_auxerre_a2be9c4e,,Auxerre,Auxerre,,,,,,,,,FALSE,
c_baniyas_89e1539a,,Baniyas,Baniyas,,,,,,,,,FALSE,
c_barcelona_cb30c55c,,Barcelona,Barcelona,,,,,,,,,FALSE,
c_barcelona_b_ef28ece1,,Barcelona B,Barcelona B,,,,,,,,,FALSE,
c_barnsley_4509838f,,Barnsley,Barnsley,,,,,,,,,FALSE,
c_bastia_1e5b7984,,Bastia,Bastia,,,,,,,,,FALSE,
c_bayer_leverkusen_39ddc43b,,Bayer Leverkusen,Bayer Leverkusen,,,,,,,,,FALSE,
c_bayern_munich_e963c2ea,,Bayern Munich,Bayern Munich,,,,,,,,,FALSE,
c_benfica_5d914960,,Benfica,Benfica,,,,,,,,,FALSE,
c_besiktas_daeca9ad,,Besiktas,Besiktas,,,,,,,,,FALSE,
c_beveren_04c54466,,Beveren,Beveren,,,,,,,,,FALSE,
c_birmingham_city_b5dc6570,,Birmingham City,Birmingham City,,,,,,,,,FALSE,
c_boca_juniors_6bfb0da4,,Boca Juniors,Boca Juniors,,,,,,,,,FALSE,
c_bod_glimt_b9be1ed7,,Bodø/Glimt,Bod/Glimt,,,,,,,,,FALSE,
c_bologna_1c61a9b1,,Bologna,Bologna,,,,,,,,,FALSE,
c_borussia_dortmund_8a058a04,,Borussia Dortmund,Borussia Dortmund,,,,,,,,,FALSE,
c_borussia_moenchengladbach_43de423e,,Borussia Moenchengladbach,Borussia Moenchengladbach,,,,,,,,,FALSE,
c_borussia_monchengladbach_e9b82a3e,,Borussia Mönchengladbach,Borussia Monchengladbach,,,,,,,,,FALSE,
c_botafogo_99e3bf74,,Botafogo,Botafogo,,,,,,,,,FALSE,
c_bournemouth_423b488c,,Bournemouth,Bournemouth,,,,,,,,,FALSE,
c_braga_f3599df6,,Braga,Braga,,,,,,,,,FALSE,
c_braintree_town_abe87f1e,,Braintree Town,Braintree Town,,,,,,,,,FALSE,
c_brentford_99ebeb82,,Brentford,Brentford,,,,,,,,,FALSE,
c_brighton_a6652bc3,,Brighton,Brighton,,,,,,,,,FALSE,
c_brighton_hove_albion_5bfa8704,,Brighton & Hove Albion,Brighton & Hove Albion,,,,,,,,,FALSE,
c_brondby_701a4084,,Brondby,Brondby,,,,,,,,,FALSE,
c_burnley_b7c3fe1e,,Burnley,Burnley,,,,,,,,,FALSE,
c_buxoro_ba979d39,,Buxoro,Buxoro,,,,,,,,,FALSE,
c_cs_sfaxien_1128368b,,CS Sfaxien,CS Sfaxien,,,,,,,,,FALSE,
c_cagliari_b9017662,,Cagliari,Cagliari,,,,,,,,,FALSE,
c_casa_pia_c00111a5,,Casa Pia,Casa Pia,,,,,,,,,FALSE,
c_castellon_8eebb754,,Castellón,Castellon,,,,,,,,,FALSE,
c_caykur_rizesport_14762bac,,Caykur Rizesport,Caykur Rizesport,,,,,,,,,FALSE,
c_celta_vigo_d1c2cf8a,,Celta Vigo,Celta Vigo,,,,,,,,,FALSE,
c_celtic_a2eaecf1,,Celtic,Celtic,,,,,,,,,FALSE,
c_cercle_brugge_02b4f133,,Cercle Brugge,Cercle Brugge,,,,,,,,,FALSE,
c_cerro_porteno_cf028333,,Cerro Porteño,Cerro Porteno,,,,,,,,,FALSE,
c_charleroi_62356bf9,,Charleroi,Charleroi,,,,,,,,,FALSE,
c_charlotte_fc_f185ca79,,Charlotte FC,Charlotte FC,,,,,,,,,FALSE,
c_charlton_athletic_f6926677,,Charlton Athletic,Charlton Athletic,,,,,,,,,FALSE,
c_chaves_de187007,,Chaves,Chaves,,,,,,,,,FALSE,
c_chelsea_e655b01a,,Chelsea,Chelsea,,,,,,,,,FALSE,
c_chicago_fire_65c1a76f,,Chicago Fire,Chicago Fire,,,,,,,,,FALSE,
c_chivas_d38ae426,,Chivas,Chivas,,,,,,,,,FALSE,
c_club_africain_64656e78,,Club Africain,Club Africain,,,,,,,,,FALSE,
c_club_america_49cadc66,,Club América,Club America,,,,,,,,,FALSE,
c_club_brugge_ea2adfc5,,Club Brugge,Club Brugge,,,,,,,,,FALSE,
c_club_tijuana_6e4baf66,,Club Tijuana,Club Tijuana,,,,,,,,,FALSE,
c_cobresal_8c0fe5bd,,Cobresal,Cobresal,,,,,,,,,FALSE,
c_colorado_rapids_da865f5e,,Colorado Rapids,Colorado Rapids,,,,,,,,,FALSE,
c_colorado_springs_switchbacks_a19366a9,,Colorado Springs Switchbacks,Colorado Springs Switchbacks,,,,,,,,,FALSE,
c_columbus_crew_7b68355a,,Columbus Crew,Columbus Crew,,,,,,,,,FALSE,
c_como_e0ef6211,,Como,Como,,,,,,,,,FALSE,
c_copenhagen_7e10c652,,Copenhagen,Copenhagen,,,,,,,,,FALSE,
c_corinthians_276924f3,,Corinthians,Corinthians,,,,,,,,,FALSE,
c_cosmos_koblenz_125995a0,,Cosmos Koblenz,Cosmos Koblenz,,,,,,,,,FALSE,
c_coventry_city_4bce22e1,,Coventry City,Coventry City,,,,,,,,,FALSE,
c_cracovia_5bed2b4b,,Cracovia,Cracovia,,,,,,,,,FALSE,
c_cremonese_7c9dcb3d,,Cremonese,Cremonese,,,,,,,,,FALSE,
c_cruz_azul_71a31d4c,,Cruz Azul,Cruz Azul,,,,,,,,,FALSE,
c_crystal_palace_cd11ce68,,Crystal Palace,Crystal Palace,,,,,,,,,FALSE,
c_cultural_leonesa_4479aa29,,Cultural Leonesa,Cultural Leonesa,,,,,,,,,FALSE,
c_caykur_rizespor_5d094b3b,,Çaykur Rizespor,Caykur Rizespor,,,,,,,,,FALSE,
c_daejeon_hana_0cece60d,,Daejeon Hana,Daejeon Hana,,,,,,,,,FALSE,
c_den_bosch_bb7ad83e,,Den Bosch,Den Bosch,,,,,,,,,FALSE,
c_dender_59951657,,Dender,Dender,,,,,,,,,FALSE,
c_deportivo_la_guaira_c9679b6f,,Deportivo La Guaira,Deportivo La Guaira,,,,,,,,,FALSE,
c_derby_county_900d9adb,,Derby County,Derby County,,,,,,,,,FALSE,
c_dibba_al_fujairah_06c16d12,,Dibba Al Fujairah,Dibba Al Fujairah,,,,,,,,,FALSE,
c_dinamo_moscow_065752cd,,Dinamo Moscow,Dinamo Moscow,,,,,,,,,FALSE,
c_dinamo_samarqand_94368156,,Dinamo Samarqand,Dinamo Samarqand,,,,,,,,,FALSE,
c_dinamo_zagreb_d86806ac,,Dinamo Zagreb,Dinamo Zagreb,,,,,,,,,FALSE,
c_dynamo_makhachkala_9cc503d9,,Dynamo Makhachkala,Dynamo Makhachkala,,,,,,,,,FALSE,
c_dynamo_moscow_28a6f575,,Dynamo Moscow,Dynamo Moscow,,,,,,,,,FALSE,
c_eintracht_braunschweig_c967ead8,,Eintracht Braunschweig,Eintracht Braunschweig,,,,,,,,,FALSE,
c_eintracht_frankfurt_52e79065,,Eintracht Frankfurt,Eintracht Frankfurt,,,,,,,,,FALSE,
c_el_gouna_d2a63f6b,,El Gouna,El Gouna,,,,,,,,,FALSE,
c_el_paso_locomotive_18790af8,,El Paso Locomotive,El Paso Locomotive,,,,,,,,,FALSE,
c_elche_e757517b,,Elche,Elche,,,,,,,,,FALSE,
c_elfsborg_d22fb04b,,Elfsborg,Elfsborg,,,,,,,,,FALSE,
c_espanyol_b65db3d8,,Espanyol,Espanyol,,,,,,,,,FALSE,
c_esperance_e3a8f140,,Esperance,Esperance,,,,,,,,,FALSE,
c_esperance_de_tunis_bd3a1ae1,,Espérance de Tunis,Esperance de Tunis,,,,,,,,,FALSE,
c_esteghlal_e23c4940,,Esteghlal,Esteghlal,,,,,,,,,FALSE,
c_estrela_amadora_ff8429b2,,Estrela Amadora,Estrela Amadora,,,,,,,,,FALSE,
c_estudiantes_de_la_plata_9139330d,,Estudiantes de La Plata,Estudiantes de La Plata,,,,,,,,,FALSE,
c_everton_fd9ce394,,Everton,Everton,,,,,,,,,FALSE,
c_fc_augsburg_ae582369,,FC Augsburg,FC Augsburg,,,,,,,,,FALSE,
c_fc_cincinnati_d3ccf1dd,,FC Cincinnati,FC Cincinnati,,,,,,,,,FALSE,
c_fc_dallas_00dc1812,,FC Dallas,FC Dallas,,,,,,,,,FALSE,
c_fc_midtjylland_2f4e39b9,,FC Midtjylland,FC Midtjylland,,,,,,,,,FALSE,
c_fc_noah_5f5fceba,,FC Noah,FC Noah,,,,,,,,,FALSE,
c_fc_nordsjlland_ae9978cb,,FC Nordsjælland,FC Nordsjlland,,,,,,,,,FALSE,
c_fc_seoul_8e133359,,FC Seoul,FC Seoul,,,,,,,,,FALSE,
c_fc_tatran_presov_05bcf723,,FC Tatran Prešov,FC Tatran Presov,,,,,,,,,FALSE,
c_fc_tokyo_9926cea2,,FC Tokyo,FC Tokyo,,,,,,,,,FALSE,
c_fc_twente_dfc20881,,FC Twente,FC Twente,,,,,,,,,FALSE,
c_fc_utrecht_8e99a4a6,,FC Utrecht,FC Utrecht,,,,,,,,,FALSE,
c_fcsb_dbba85ac,,FCSB,FCSB,,,,,,,,,FALSE,
c_fcv_dender_decd464d,,FCV Dender,FCV Dender,,,,,,,,,FALSE,
c_farense_d90822fe,,Farense,Farense,,,,,,,,,FALSE,
c_fenerbahce_58b3ec74,,Fenerbahce,Fenerbahce,,,,,,,,,FALSE,
c_ferencvaros_b07d0cdc,,Ferencváros,Ferencvaros,,,,,,,,,FALSE,
c_feyenoord_c7797bfb,,Feyenoord,Feyenoord,,,,,,,,,FALSE,
c_feyenoord_rotterdam_84f24d24,,Feyenoord Rotterdam,Feyenoord Rotterdam,,,,,,,,,FALSE,
c_fiorentina_69ff41f4,,Fiorentina,Fiorentina,,,,,,,,,FALSE,
c_flamengo_503b2587,,Flamengo,Flamengo,,,,,,,,,FALSE,
c_fluminense_86723454,,Fluminense,Fluminense,,,,,,,,,FALSE,
c_foolad_1a4bede8,,Foolad,Foolad,,,,,,,,,FALSE,
c_fortuna_dusseldorf_78ca4c52,,Fortuna Dusseldorf,Fortuna Dusseldorf,,,,,,,,,FALSE,
c_freiburg_185994b9,,Freiburg,Freiburg,,,,,,,,,FALSE,
c_frosinone_ffb745d6,,Frosinone,Frosinone,,,,,,,,,FALSE,
c_fulham_385c468e,,Fulham,Fulham,,,,,,,,,FALSE,
c_galatasaray_8f5e15dc,,Galatasaray,Galatasaray,,,,,,,,,FALSE,
c_gangwon_fc_a8495ff5,,Gangwon FC,Gangwon FC,,,,,,,,,FALSE,
c_gaziantep_36de22a4,,Gaziantep,Gaziantep,,,,,,,,,FALSE,
c_genk_8993c379,,Genk,Genk,,,,,,,,,FALSE,
c_genoa_8456931a,,Genoa,Genoa,,,,,,,,,FALSE,
c_gent_2f000c7f,,Gent,Gent,,,,,,,,,FALSE,
c_genclerbirligi_22e3fae3,,Gençlerbirliği,Genclerbirligi,,,,,,,,,FALSE,
c_gil_vicente_4e74984b,,Gil Vicente,Gil Vicente,,,,,,,,,FALSE,
c_girona_2b73c591,,Girona,Girona,,,,,,,,,FALSE,
c_granada_4af55cd4,,Granada,Granada,,,,,,,,,FALSE,
c_grazer_ak_845301c1,,Grazer AK,Grazer AK,,,,,,,,,FALSE,
c_gremio_c49f51d7,,Gremio,Gremio,,,,,,,,,FALSE,
c_gyori_eto_4f17868c,,Győri ETO,Gyori ETO,,,,,,,,,FALSE,
c_hajduk_split_903c0454,,Hajduk Split,Hajduk Split,,,,,,,,,FALSE,
c_hamburg_a1d99583,,Hamburg,Hamburg,,,,,,,,,FALSE,
c_hamburg_sv_8cb7fa56,,Hamburg SV,Hamburg SV,,,,,,,,,FALSE,
c_hamburger_sv_bc4db90c,,Hamburger SV,Hamburger SV,,,,,,,,,FALSE,
c_hannover_96_f304aed3,,Hannover 96,Hannover 96,,,,,,,,,FALSE,
c_heart_of_midlothian_d14abfe8,,Heart of Midlothian,Heart of Midlothian,,,,,,,,,FALSE,
c_hearts_422d35b1,,Hearts,Hearts,,,,,,,,,FALSE,
c_heracles_almelo_e3b803be,,Heracles Almelo,Heracles Almelo,,,,,,,,,FALSE,
c_hibernian_8382e8fd,,Hibernian,Hibernian,,,,,,,,,FALSE,
c_hoffenheim_afe46f8f,,Hoffenheim,Hoffenheim,,,,,,,,,FALSE,
c_holstein_kiel_1496d34f,,Holstein Kiel,Holstein Kiel,,,,,,,,,FALSE,
c_hradec_kralove_16ceb4be,,Hradec Kralove,Hradec Kralove,,,,,,,,,FALSE,
c_hull_city_c960b36b,,Hull City,Hull City,,,,,,,,,FALSE,
c_huracan_1cba27c3,,Huracan,Huracan,,,,,,,,,FALSE,
c_ifk_norrkoping_3af5a7be,,IFK Norrköping,IFK Norrkoping,,,,,,,,,FALSE,
c_igdir_afc03fda,,Igdir,Igdir,,,,,,,,,FALSE,
c_independiente_4f0bb709,,Independiente,Independiente,,,,,,,,,FALSE,
c_independiente_rivadavia_c01b9f67,,Independiente Rivadavia,Independiente Rivadavia,,,,,,,,,FALSE,
c_independiente_del_valle_02bf2082,,Independiente del Valle,Independiente del Valle,,,,,,,,,FALSE,
c_inter_miami_12316fb2,,Inter Miami,Inter Miami,,,,,,,,,FALSE,
c_inter_milan_ec07dd66,,Inter Milan,Inter Milan,,,,,,,,,FALSE,
c_internacional_9f25f9e5,,Internacional,Internacional,,,,,,,,,FALSE,
c_internacional_de_porto_alegre_2cd531d7,,Internacional de Porto Alegre,Internacional de Porto Alegre,,,,,,,,,FALSE,
c_internazionale_aa241403,,Internazionale,Internazionale,,,,,,,,,FALSE,
c_ipswich_b59d5dc9,,Ipswich,Ipswich,,,,,,,,,FALSE,
c_ipswich_town_0526bcf8,,Ipswich Town,Ipswich Town,,,,,,,,,FALSE,
c_ironi_kiryat_shmona_c6bc74ed,,Ironi Kiryat Shmona,Ironi Kiryat Shmona,,,,,,,,,FALSE,
c_istanbul_basaksehir_eda9bc84,,Istanbul Basaksehir,Istanbul Basaksehir,,,,,,,,,FALSE,
c_js_kabylie_dbd91381,,JS Kabylie,JS Kabylie,,,,,,,,,FALSE,
c_jagiellonia_bialystok_14ff40df,,Jagiellonia Bialystok,Jagiellonia Bialystok,,,,,,,,,FALSE,
c_jeonbuk_hyundai_06657775,,Jeonbuk Hyundai,Jeonbuk Hyundai,,,,,,,,,FALSE,
c_juventus_57698fb8,,Juventus,Juventus,,,,,,,,,FALSE,
c_juarez_7fd97eca,,Juárez,Juarez,,,,,,,,,FALSE,
c_kv_mechelen_5d03665d,,KV Mechelen,KV Mechelen,,,,,,,,,FALSE,
c_kaizer_chiefs_99debdde,,Kaizer Chiefs,Kaizer Chiefs,,,,,,,,,FALSE,
c_kalba_cd0a6e06,,Kalba,Kalba,,,,,,,,,FALSE,
c_karlsruher_sc_de48b4d3,,Karlsruher SC,Karlsruher SC,,,,,,,,,FALSE,
c_kashima_antlers_e314a26b,,Kashima Antlers,Kashima Antlers,,,,,,,,,FALSE,
c_kasimpasa_520d5e13,,Kasimpasa,Kasimpasa,,,,,,,,,FALSE,
c_kasmpasa_61344b51,,Kasımpaşa,Kasmpasa,,,,,,,,,FALSE,
c_kayserispor_6364c552,,Kayserispor,Kayserispor,,,,,,,,,FALSE,
c_kifisia_6c2ed07b,,Kifisia,Kifisia,,,,,,,,,FALSE,
c_kilmarnock_77ff2e4c,,Kilmarnock,Kilmarnock,,,,,,,,,FALSE,
c_kobenhavn_f37ec8f7,,Kobenhavn,Kobenhavn,,,,,,,,,FALSE,
c_konyaspor_93c0af9a,,Konyaspor,Konyaspor,,,,,,,,,FALSE,
c_krasnodar_e8c3f037,,Krasnodar,Krasnodar,,,,,,,,,FALSE,
c_lafc_42b75eaf,,LAFC,LAFC,,,,,,,,,FALSE,
c_lask_ec5e4ca0,,LASK,LASK,,,,,,,,,FALSE,
c_lask_linz_e868dff4,,LASK Linz,LASK Linz,,,,,,,,,FALSE,
c_ldu_quito_c7b2d459,,LDU Quito,LDU Quito,,,,,,,,,FALSE,
c_lanus_7b7e52a5,,Lanus,Lanus,,,,,,,,,FALSE,
c_le_havre_e4b47f0b,,Le Havre,Le Havre,,,,,,,,,FALSE,
c_le_havre_ac_f11b1be2,,Le Havre AC,Le Havre AC,,,,,,,,,FALSE,
c_lechia_gdansk_6dd6ea20,,Lechia Gdańsk,Lechia Gdansk,,,,,,,,,FALSE,
c_leeds_d537b1a4,,Leeds,Leeds,,,,,,,,,FALSE,
c_leeds_united_4d0a095e,,Leeds United,Leeds United,,,,,,,,,FALSE,
c_leicester_city_1856e967,,Leicester City,Leicester City,,,,,,,,,FALSE,
c_lens_d18e9fd2,,Lens,Lens,,,,,,,,,FALSE,
c_levante_1173db37,,Levante,Levante,,,,,,,,,FALSE,
c_leon_e09d3468,,León,Leon,,,,,,,,,FALSE,
c_lille_5e95484f,,Lille,Lille,,,,,,,,,FALSE,
c_liverpool_53dacc53,,Liverpool,Liverpool,,,,,,,,,FALSE,
c_lokomotiv_moscow_d1e0d051,,Lokomotiv Moscow,Lokomotiv Moscow,,,,,,,,,FALSE,
c_lokomotiva_zagreb_5ede067f,,Lokomotiva Zagreb,Lokomotiva Zagreb,,,,,,,,,FALSE,
c_lorient_1d133ad3,,Lorient,Lorient,,,,,,,,,FALSE,
c_ludogorets_razgrad_596a7c7c,,Ludogorets Razgrad,Ludogorets Razgrad,,,,,,,,,FALSE,
c_lugano_b8a83086,,Lugano,Lugano,,,,,,,,,FALSE,
c_lyon_8ff8803d,,Lyon,Lyon,,,,,,,,,FALSE,
c_maccabi_haifa_f1b6b507,,Maccabi Haifa,Maccabi Haifa,,,,,,,,,FALSE,
c_maccabi_tel_aviv_8adccf32,,Maccabi Tel Aviv,Maccabi Tel Aviv,,,,,,,,,FALSE,
c_machida_zelvia_de40ad9f,,Machida Zelvia,Machida Zelvia,,,,,,,,,FALSE,
c_mainz_0f856462,,Mainz,Mainz,,,,,,,,,FALSE,
c_mainz_05_a2ff4aed,,Mainz 05,Mainz 05,,,,,,,,,FALSE,
c_malavan_5031d9ab,,Malavan,Malavan,,,,,,,,,FALSE,
c_mallorca_283c2cf0,,Mallorca,Mallorca,,,,,,,,,FALSE,
c_malmo_81e0c3a3,,Malmo,Malmo,,,,,,,,,FALSE,
c_mamelodi_sundowns_5ad1de31,,Mamelodi Sundowns,Mamelodi Sundowns,,,,,,,,,FALSE,
c_man_united_e54449db,,Man United,Man United,,,,,,,,,FALSE,
c_manchester_city_446c8158,,Manchester City,Manchester City,,,,,,,,,FALSE,
c_manchester_united_f05b841f,,Manchester United,Manchester United,,,,,,,,,FALSE,
c_marathon_947eb4c4,,Marathón,Marathon,,,,,,,,,FALSE,
c_maribor_c1138f0c,,Maribor,Maribor,,,,,,,,,FALSE,
c_marseille_8a6a0f84,,Marseille,Marseille,,,,,,,,,FALSE,
c_mazatlan_b76304f0,,Mazatlán,Mazatlan,,,,,,,,,FALSE,
c_melbourne_city_04bdf721,,Melbourne City,Melbourne City,,,,,,,,,FALSE,
c_melbourne_victory_7173b295,,Melbourne Victory,Melbourne Victory,,,,,,,,,FALSE,
c_miami_fc_86451741,,Miami FC,Miami FC,,,,,,,,,FALSE,
c_middlesbrough_8a024275,,Middlesbrough,Middlesbrough,,,,,,,,,FALSE,
c_midtjylland_dbf5237c,,Midtjylland,Midtjylland,,,,,,,,,FALSE,
c_millwall_9ef52a13,,Millwall,Millwall,,,,,,,,,FALSE,
c_minnesota_united_ec79d898,,Minnesota United,Minnesota United,,,,,,,,,FALSE,
c_mjallby_ba532087,,Mjallby,Mjallby,,,,,,,,,FALSE,
c_molde_c258d39b,,Molde,Molde,,,,,,,,,FALSE,
c_monaco_2c8eb35b,,Monaco,Monaco,,,,,,,,,FALSE,
c_montana_45e96443,,Montana,Montana,,,,,,,,,FALSE,
c_monterrey_f10cf911,,Monterrey,Monterrey,,,,,,,,,FALSE,
c_montpellier_12bea8d1,,Montpellier,Montpellier,,,,,,,,,FALSE,
c_motherwell_8b7b9d25,,Motherwell,Motherwell,,,,,,,,,FALSE,
c_nec_nijmegen_5eeb954a,,NEC Nijmegen,NEC Nijmegen,,,,,,,,,FALSE,
c_nk_maribor_feb9d4ad,,NK Maribor,NK Maribor,,,,,,,,,FALSE,
c_nacional_2b4d3a11,,Nacional,Nacional,,,,,,,,,FALSE,
c_nancy_c55a4912,,Nancy,Nancy,,,,,,,,,FALSE,
c_nantes_f85b493e,,Nantes,Nantes,,,,,,,,,FALSE,
c_napoli_48cfbfde,,Napoli,Napoli,,,,,,,,,FALSE,
c_nasaf_92f9d239,,Nasaf,Nasaf,,,,,,,,,FALSE,
c_navbahor_c6d5cb2a,,Navbahor,Navbahor,,,,,,,,,FALSE,
c_neftchi_0cda2dd5,,Neftchi,Neftchi,,,,,,,,,FALSE,
c_neom_dd0f566d,,Neom,Neom,,,,,,,,,FALSE,
c_new_england_revolution_d4ef9fc5,,New England Revolution,New England Revolution,,,,,,,,,FALSE,
c_new_york_city_fc_d53241ec,,New York City FC,New York City FC,,,,,,,,,FALSE,
c_newcastle_12703e8b,,Newcastle,Newcastle,,,,,,,,,FALSE,
c_newcastle_jets_131175aa,,Newcastle Jets,Newcastle Jets,,,,,,,,,FALSE,
c_newcastle_united_492af7e1,,Newcastle United,Newcastle United,,,,,,,,,FALSE,
c_nice_a83a802d,,Nice,Nice,,,,,,,,,FALSE,
c_nordsjaelland_485bda61,,Nordsjaelland,Nordsjaelland,,,,,,,,,FALSE,
c_norwich_0fd7ee1d,,Norwich,Norwich,,,,,,,,,FALSE,
c_norwich_city_9bfbedcc,,Norwich City,Norwich City,,,,,,,,,FALSE,
c_nottingham_forest_a950aa00,,Nottingham Forest,Nottingham Forest,,,,,,,,,FALSE,
c_olimpia_aed7596a,,Olimpia,Olimpia,,,,,,,,,FALSE,
c_olympiacos_41b104a8,,Olympiacos,Olympiacos,,,,,,,,,FALSE,
c_omonia_6a13a5a4,,Omonia,Omonia,,,,,,,,,FALSE,
c_orlando_city_33cea553,,Orlando City,Orlando City,,,,,,,,,FALSE,
c_orlando_pirates_1c8e17d1,,Orlando Pirates,Orlando Pirates,,,,,,,,,FALSE,
c_osasuna_f20766a6,,Osasuna,Osasuna,,,,,,,,,FALSE,
c_paok_d88141c2,,PAOK,PAOK,,,,,,,,,FALSE,
c_paok_salonika_f8af5c0c,,PAOK Salonika,PAOK Salonika,,,,,,,,,FALSE,
c_pec_zwolle_79d3df3c,,PEC Zwolle,PEC Zwolle,,,,,,,,,FALSE,
c_psg_7fc479b7,,PSG,PSG,,,,,,,,,FALSE,
c_psv_cba0ce05,,PSV,PSV,,,,,,,,,FALSE,
c_psv_eindhoven_143e5a85,,PSV Eindhoven,PSV Eindhoven,,,,,,,,,FALSE,
c_pachuca_a4c33119,,Pachuca,Pachuca,,,,,,,,,FALSE,
c_pafos_0aaaf55f,,Pafos,Pafos,,,,,,,,,FALSE,
c_pakhtakor_52dbbda0,,Pakhtakor,Pakhtakor,,,,,,,,,FALSE,
c_palmeiras_a7b8813c,,Palmeiras,Palmeiras,,,,,,,,,FALSE,
c_panathinaikos_36cb748c,,Panathinaikos,Panathinaikos,,,,,,,,,FALSE,
c_pari_nizhny_novgorod_1b7306d2,,Pari Nizhny Novgorod,Pari Nizhny Novgorod,,,,,,,,,FALSE,
c_paris_fc_4acde809,,Paris FC,Paris FC,,,,,,,,,FALSE,
c_paris_saint_germain_e38062ac,,Paris Saint-Germain,Paris Saint-Germain,,,,,,,,,FALSE,
c_paris_saint_germian_5c4474af,,Paris Saint-Germian,Paris Saint-Germian,,,,,,,,,FALSE,
c_parma_9553b2a1,,Parma,Parma,,,,,,,,,FALSE,
c_persepolis_5a29c9d4,,Persepolis,Persepolis,,,,,,,,,FALSE,
c_peterborough_united_fc1a3742,,Peterborough United,Peterborough United,,,,,,,,,FALSE,
c_philadelphia_union_e87259be,,Philadelphia Union,Philadelphia Union,,,,,,,,,FALSE,
c_pisa_758b9ea7,,Pisa,Pisa,,,,,,,,,FALSE,
c_plaza_amador_6faeaf34,,Plaza Amador,Plaza Amador,,,,,,,,,FALSE,
c_pogon_szczecin_1d372b0b,,Pogoń Szczecin,Pogon Szczecin,,,,,,,,,FALSE,
c_polokwane_city_006c1372,,Polokwane City,Polokwane City,,,,,,,,,FALSE,
c_port_fc_fe67c888,,Port FC,Port FC,,,,,,,,,FALSE,
c_port_vale_8b7668ca,,Port Vale,Port Vale,,,,,,,,,FALSE,
c_portland_timbers_8e92581e,,Portland Timbers,Portland Timbers,,,,,,,,,FALSE,
c_porto_09de765a,,Porto,Porto,,,,,,,,,FALSE,
c_portsmouth_0f979b99,,Portsmouth,Portsmouth,,,,,,,,,FALSE,
c_puerto_cabello_c8843033,,Puerto Cabello,Puerto Cabello,,,,,,,,,FALSE,
c_pumas_1ebc527b,,Pumas,Pumas,,,,,,,,,FALSE,
c_pumas_unam_e7fbb47a,,Pumas UNAM,Pumas UNAM,,,,,,,,,FALSE,
c_puskas_akademia_2653805d,,Puskas Akademia,Puskas Akademia,,,,,,,,,FALSE,
c_pyramids_7d59fa3f,,Pyramids,Pyramids,,,,,,,,,FALSE,
c_pyramids_fc_7ade8ddc,,Pyramids FC,Pyramids FC,,,,,,,,,FALSE,
c_qatar_sc_fd8bd006,,Qatar SC,Qatar SC,,,,,,,,,FALSE,
c_rb_leipzig_e10cc5a3,,RB Leipzig,RB Leipzig,,,,,,,,,FALSE,
c_rb_salzburg_64bce3ab,,RB Salzburg,RB Salzburg,,,,,,,,,FALSE,
c_rkc_waalwijk_6a7da517,,RKC Waalwijk,RKC Waalwijk,,,,,,,,,FALSE,
c_rs_berkane_416671b0,,RS Berkane,RS Berkane,,,,,,,,,FALSE,
c_racing_genk_584dd89f,,Racing Genk,Racing Genk,,,,,,,,,FALSE,
c_racing_santander_99beb36e,,Racing Santander,Racing Santander,,,,,,,,,FALSE,
c_raja_casablanca_f3222cae,,Raja Casablanca,Raja Casablanca,,,,,,,,,FALSE,
c_randers_fc_3128e118,,Randers FC,Randers FC,,,,,,,,,FALSE,
c_rangers_8ee581e0,,Rangers,Rangers,,,,,,,,,FALSE,
c_rayo_vallecano_bb03fdc6,,Rayo Vallecano,Rayo Vallecano,,,,,,,,,FALSE,
c_real_betis_c81a1b80,,Real Betis,Real Betis,,,,,,,,,FALSE,
c_real_madrid_abbd0333,,Real Madrid,Real Madrid,,,,,,,,,FALSE,
c_real_oviedo_11854497,,Real Oviedo,Real Oviedo,,,,,,,,,FALSE,
c_real_salt_lake_59b0db81,,Real Salt Lake,Real Salt Lake,,,,,,,,,FALSE,
c_real_sociedad_495967fa,,Real Sociedad,Real Sociedad,,,,,,,,,FALSE,
c_red_bull_bragantino_35c794b1,,Red Bull Bragantino,Red Bull Bragantino,,,,,,,,,FALSE,
c_red_star_belgrade_ff44e45e,,Red Star Belgrade,Red Star Belgrade,,,,,,,,,FALSE,
c_reims_580a1e88,,Reims,Reims,,,,,,,,,FALSE,
c_rennes_2c434c1a,,Rennes,Rennes,,,,,,,,,FALSE,
c_rijeka_f02178d7,,Rijeka,Rijeka,,,,,,,,,FALSE,
c_river_plate_6e5bb3c0,,River Plate,River Plate,,,,,,,,,FALSE,
c_rizespor_d9c5d82e,,Rizespor,Rizespor,,,,,,,,,FALSE,
c_roma_3090f438,,Roma,Roma,,,,,,,,,FALSE,
c_rosario_central_d0d1a866,,Rosario Central,Rosario Central,,,,,,,,,FALSE,
c_rostovv_302a24f4,,Rostovv,Rostovv,,,,,,,,,FALSE,
c_rotherham_united_58431265,,Rotherham United,Rotherham United,,,,,,,,,FALSE,
c_royale_union_saint_gilloise_0606b5f0,,Royale-Union Saint Gilloise,Royale-Union Saint Gilloise,,,,,,,,,FALSE,
c_sc_freiburg_9f1ecdb8,,SC Freiburg,SC Freiburg,,,,,,,,,FALSE,
c_sjk_4111de11,,SJK,SJK,,,,,,,,,FALSE,
c_sabah_53be0096,,Sabah,Sabah,,,,,,,,,FALSE,
c_saint_etienne_d88dbceb,,Saint-Étienne,Saint-Etienne,,,,,,,,,FALSE,
c_sampdoria_044fe5ce,,Sampdoria,Sampdoria,,,,,,,,,FALSE,
c_samsunspor_f4b482dc,,Samsunspor,Samsunspor,,,,,,,,,FALSE,
c_san_diego_fc_ee29e222,,San Diego FC,San Diego FC,,,,,,,,,FALSE,
c_san_lorenzo_e834d80a,,San Lorenzo,San Lorenzo,,,,,,,,,FALSE,
c_sanfrecce_hiroshima_aa29b48c,,Sanfrecce Hiroshima,Sanfrecce Hiroshima,,,,,,,,,FALSE,
c_santos_6c3780f0,,Santos,Santos,,,,,,,,,FALSE,
c_santos_laguna_ed9ddc90,,Santos Laguna,Santos Laguna,,,,,,,,,FALSE,
c_saprissa_cd3d610c,,Saprissa,Saprissa,,,,,,,,,FALSE,
c_sarpsborg_08_6a2fb396,,Sarpsborg 08,Sarpsborg 08,,,,,,,,,FALSE,
c_sassuolo_3722fef4,,Sassuolo,Sassuolo,,,,,,,,,FALSE,
c_schalke_04_aa80f339,,Schalke 04,Schalke 04,,,,,,,,,FALSE,
c_seattle_sounders_0333969a,,Seattle Sounders,Seattle Sounders,,,,,,,,,FALSE,
c_selangor_87052893,,Selangor,Selangor,,,,,,,,,FALSE,
c_sepahan_23598738,,Sepahan,Sepahan,,,,,,,,,FALSE,
c_servette_d3e58f94,,Servette,Servette,,,,,,,,,FALSE,
c_sevilla_199198e5,,Sevilla,Sevilla,,,,,,,,,FALSE,
c_shabab_al_ahli_7bfa5689,,Shabab Al-Ahli,Shabab Al-Ahli,,,,,,,,,FALSE,
c_shamrock_rovers_2cdea59c,,Shamrock Rovers,Shamrock Rovers,,,,,,,,,FALSE,
c_sharjah_dab7481c,,Sharjah,Sharjah,,,,,,,,,FALSE,
c_sheffield_united_03747276,,Sheffield United,Sheffield United,,,,,,,,,FALSE,
c_sigma_olomouc_9866567d,,Sigma Olomouc,Sigma Olomouc,,,,,,,,,FALSE,
c_silkeborg_if_f15d8622,,Silkeborg IF,Silkeborg IF,,,,,,,,,FALSE,
c_sint_truiden_eb30716d,,Sint-Truiden,Sint-Truiden,,,,,,,,,FALSE,
c_slaven_belupo_a67f2dfc,,Slaven Belupo,Slaven Belupo,,,,,,,,,FALSE,
c_slavia_prague_6def6306,,Slavia Prague,Slavia Prague,,,,,,,,,FALSE,
c_slovan_bratislava_8e855156,,Slovan Bratislava,Slovan Bratislava,,,,,,,,,FALSE,
c_slovan_liberec_d17c3872,,Slovan Liberec,Slovan Liberec,,,,,,,,,FALSE,
c_sochaux_ac407c94,,Sochaux,Sochaux,,,,,,,,,FALSE,
c_southampton_1d40f1fa,,Southampton,Southampton,,,,,,,,,FALSE,
c_sparta_prague_8236520c,,Sparta Prague,Sparta Prague,,,,,,,,,FALSE,
c_sparta_rotterdam_15c16fb0,,Sparta Rotterdam,Sparta Rotterdam,,,,,,,,,FALSE,
c_spartak_moscow_24492656,,Spartak Moscow,Spartak Moscow,,,,,,,,,FALSE,
c_sporting_cp_68d8c4d1,,Sporting CP,Sporting CP,,,,,,,,,FALSE,
c_sporting_lisbon_1fe809e1,,Sporting Lisbon,Sporting Lisbon,,,,,,,,,FALSE,
c_st_gallen_c9354c56,,St Gallen,St Gallen,,,,,,,,,FALSE,
c_st_patrick_s_athletic_b41b37bf,,St Patrick's Athletic,St Patrick's Athletic,,,,,,,,,FALSE,
c_st_pauli_35932192,,St Pauli,St Pauli,,,,,,,,,FALSE,
c_st_pauli_b81e5622,,St. Pauli,St. Pauli,,,,,,,,,FALSE,
c_stade_nyonnaise_d6f19ad2,,Stade Nyonnaise,Stade Nyonnaise,,,,,,,,,FALSE,
c_stade_rennais_c98241a9,,Stade Rennais,Stade Rennais,,,,,,,,,FALSE,
c_standard_liege_3e26b5d7,,Standard Liege,Standard Liege,,,,,,,,,FALSE,
c_stoke_city_320b8e5a,,Stoke City,Stoke City,,,,,,,,,FALSE,
c_strasbourg_ec14fe17,,Strasbourg,Strasbourg,,,,,,,,,FALSE,
c_strmsgodset_8b9d1286,,Strømsgodset,Strmsgodset,,,,,,,,,FALSE,
c_stuttgart_3e7544cc,,Stuttgart,Stuttgart,,,,,,,,,FALSE,
c_sunderland_4aa579a0,,Sunderland,Sunderland,,,,,,,,,FALSE,
c_surkhon_b0fc6235,,Surkhon,Surkhon,,,,,,,,,FALSE,
c_swansea_city_40d4171f,,Swansea City,Swansea City,,,,,,,,,FALSE,
c_sydney_fc_46493459,,Sydney FC,Sydney FC,,,,,,,,,FALSE,
c_sao_paulo_512a018c,,São Paulo,Sao Paulo,,,,,,,,,FALSE,
c_tsg_hoffenheim_7dd7fd83,,TSG Hoffenheim,TSG Hoffenheim,,,,,,,,,FALSE,
c_talleres_44a8f91d,,Talleres,Talleres,,,,,,,,,FALSE,
c_telstar_e85327be,,Telstar,Telstar,,,,,,,,,FALSE,
c_terengganu_3785b314,,Terengganu,Terengganu,,,,,,,,,FALSE,
c_tigres_0c053175,,Tigres,Tigres,,,,,,,,,FALSE,
c_tigres_uanl_6d3f0914,,Tigres UANL,Tigres UANL,,,,,,,,,FALSE,
c_tijuana_2510ee6e,,Tijuana,Tijuana,,,,,,,,,FALSE,
c_toluca_a5d0edbb,,Toluca,Toluca,,,,,,,,,FALSE,
c_tondela_897c0be8,,Tondela,Tondela,,,,,,,,,FALSE,
c_torino_3891b778,,Torino,Torino,,,,,,,,,FALSE,
c_toronto_fc_801d96b3,,Toronto FC,Toronto FC,,,,,,,,,FALSE,
c_torreense_d5f6f333,,Torreense,Torreense,,,,,,,,,FALSE,
c_tottehham_6d832957,,Tottehham,Tottehham,,,,,,,,,FALSE,
c_tottenham_a4c1f181,,Tottenham,Tottenham,,,,,,,,,FALSE,
c_tottenham_hotspur_ef01ee61,,Tottenham Hotspur,Tottenham Hotspur,,,,,,,,,FALSE,
c_toulouse_68472eee,,Toulouse,Toulouse,,,,,,,,,FALSE,
c_trabzonspor_15246eeb,,Trabzonspor,Trabzonspor,,,,,,,,,FALSE,
c_tractor_b739a166,,Tractor,Tractor,,,,,,,,,FALSE,
c_turan_tovuz_b1656aa6,,Turan Tovuz,Turan Tovuz,,,,,,,,,FALSE,
c_us_monastir_e0705e0c,,US Monastir,US Monastir,,,,,,,,,FALSE,
c_usm_alger_1a6b6d83,,USM Alger,USM Alger,,,,,,,,,FALSE,
c_udinese_e4d6ce7e,,Udinese,Udinese,,,,,,,,,FALSE,
c_ulsan_hd_cd5a3dd8,,Ulsan HD,Ulsan HD,,,,,,,,,FALSE,
c_union_berlin_3b0a5205,,Union Berlin,Union Berlin,,,,,,,,,FALSE,
c_union_st_gilloise_575f870b,,Union St-Gilloise,Union St-Gilloise,,,,,,,,,FALSE,
c_union_st_gilloise_b8dea71a,,Union St.-Gilloise,Union St.-Gilloise,,,,,,,,,FALSE,
c_universidad_catolica_f9dd891a,,Universidad Católica,Universidad Catolica,,,,,,,,,FALSE,
c_universidad_de_concepcion_56e01dcd,,Universidad de Concepción,Universidad de Concepcion,,,,,,,,,FALSE,
c_universitatea_cluj_3ac82d3c,,Universitatea Cluj,Universitatea Cluj,,,,,,,,,FALSE,
c_vvv_venlo_83a25ec0,,VVV Venlo,VVV Venlo,,,,,,,,,FALSE,
c_valencia_b00a061d,,Valencia,Valencia,,,,,,,,,FALSE,
c_vancouver_whitecaps_584ec8d5,,Vancouver Whitecaps,Vancouver Whitecaps,,,,,,,,,FALSE,
c_vasco_da_gama_ebb987d1,,Vasco da Gama,Vasco da Gama,,,,,,,,,FALSE,
c_venezia_e31ee20d,,Venezia,Venezia,,,,,,,,,FALSE,
c_verona_28485fcd,,Verona,Verona,,,,,,,,,FALSE,
c_vfb_stuttgart_79e41bee,,VfB Stuttgart,VfB Stuttgart,,,,,,,,,FALSE,
c_vfl_wolfsburg_6bff9162,,VfL Wolfsburg,VfL Wolfsburg,,,,,,,,,FALSE,
c_viking_26af2e99,,Viking,Viking,,,,,,,,,FALSE,
c_viking_fk_ff9c46f0,,Viking FK,Viking FK,,,,,,,,,FALSE,
c_viktoria_plzen_c3cb1557,,Viktoria Plzen,Viktoria Plzen,,,,,,,,,FALSE,
c_villarreal_edfbe376,,Villarreal,Villarreal,,,,,,,,,FALSE,
c_violette_080fcd22,,Violette,Violette,,,,,,,,,FALSE,
c_vitoria_guimaraes_bdab72bf,,Vitoria Guimaraes,Vitoria Guimaraes,,,,,,,,,FALSE,
c_vizela_63e8bfe2,,Vizela,Vizela,,,,,,,,,FALSE,
c_volendam_44039ff3,,Volendam,Volendam,,,,,,,,,FALSE,
c_velez_sarsfield_1118a976,,Vélez Sarsfield,Velez Sarsfield,,,,,,,,,FALSE,
c_watford_149fe9eb,,Watford,Watford,,,,,,,,,FALSE,
c_wellington_phoenix_dcacb02d,,Wellington Phoenix,Wellington Phoenix,,,,,,,,,FALSE,
c_werder_bremen_a11ab9ed,,Werder Bremen,Werder Bremen,,,,,,,,,FALSE,
c_west_ham_88fd71ee,,West Ham,West Ham,,,,,,,,,FALSE,
c_west_ham_united_0b178664,,West Ham United,West Ham United,,,,,,,,,FALSE,
c_western_sydney_wanderers_ad68f75f,,Western Sydney Wanderers,Western Sydney Wanderers,,,,,,,,,FALSE,
c_widzew_odz_934a5145,,Widzew Łódź,Widzew odz,,,,,,,,,FALSE,
c_wolfsberger_ac_ca70d247,,Wolfsberger AC,Wolfsberger AC,,,,,,,,,FALSE,
c_wolfsburg_3d0f829f,,Wolfsburg,Wolfsburg,,,,,,,,,FALSE,
c_wolverhampton_cf275480,,Wolverhampton,Wolverhampton,,,,,,,,,FALSE,
c_wolverhampton_wanderers_1e3d8f9f,,Wolverhampton Wanderers,Wolverhampton Wanderers,,,,,,,,,FALSE,
c_wrexham_5a7883b4,,Wrexham,Wrexham,,,,,,,,,FALSE,
c_young_boys_d33c77d6,,Young Boys,Young Boys,,,,,,,,,FALSE,
c_zamalek_b40573d7,,Zamalek,Zamalek,,,,,,,,,FALSE,
c_zed_2700337e,,Zed,Zed,,,,,,,,,FALSE,
c_zenit_st_petersburg_0976e8e0,,Zenit St. Petersburg,Zenit St. Petersburg,,,,,,,,,FALSE,
c_zhejiang_fc_d944dab0,,Zhejiang FC,Zhejiang FC,,,,,,,,,FALSE,
c_zulte_waregem_051e6315,,Zulte Waregem,Zulte Waregem,,,,,,,,,FALSE,
c_zurich_d276e926,,Zurich,Zurich,,,,,,,,,FALSE,
c_etoile_du_sahel_57c67bcf,,Étoile du Sahel,Etoile du Sahel,,,,,,,,,FALSE,
